param,prior_sd,post_sd,contraction,prior_q05,prior_q95,post_q05,post_q95,flag
alpha,0.0501140013785365,0.0612913865546376,1.22303916806947,0.267364427674909,0.432435665487883,0.207312278539626,0.407551652319846,prior-dominated
kapHyp_lm_w2021,0.500179268397383,0.582697354585088,1.16497702204272,0.0965468435910217,1.74212483963484,-0.313408905306918,1.55844796236128,prior-dominated
kapHyp_la_w2023tot,0.596742083626242,0.6110955036726,1.02405297102416,-0.287543822845791,1.67535893855526,-0.566973199342237,1.4571601665877,prior-dominated
kapy_21,2.90504006632088,2.9529502453823,1.01649208891019,1.11381944344207,8.56863958696538,1.26370792690185,10.2978943133335,prior-dominated
kapHyp_la_w2022tot,0.600190758130403,0.587967958662036,0.979635142156402,-0.290566292907091,1.6844715938164,-0.280288929048979,1.56408700738487,prior-dominated
kapHyp_lm_w2022tot,0.499822547616269,0.450941141652594,0.902202479266296,0.0906747199403178,1.73695849555818,0.524426138700402,1.97263096476952,prior-dominated
kapHyp_la_w2122,0.600722584615415,0.518165885802851,0.862571008770351,-0.295128462645475,1.68229781730804,0.0222567858949675,1.67757527957577,prior-dominated
kapy_20,2.92515428509514,2.47535506751528,0.846230600597113,1.11176955080408,8.58777833033467,1.6661980313291,9.42375119106923,prior-dominated
kapHyp_la_w2021,0.602649599958358,0.507870743491391,0.842729744658396,-0.302768948810842,1.68314264584672,-0.23693036017268,1.45391601984598,prior-dominated
kapc_2021,2.88110316599991,2.41615307060103,0.838620809943293,1.11579040320042,8.63596973583412,1.98788090256894,9.46664932120748,prior-dominated
kapHyp_lm_w2023tot,0.498949850061049,0.417753376781038,0.837265261688972,0.0949811311395454,1.74084537814072,0.0330439771386377,1.35363559164066,prior-dominated
kapHyp_la_w2021tot,0.60111424783327,0.502300927873573,0.835616406838015,-0.297783559957546,1.67895927494997,-0.0847206654868511,1.55977022039991,prior-dominated
kappr_20,2.92409787615013,2.38062302589906,0.814139309534124,1.11483145483768,8.63997159253299,4.92317342818052,12.3017731206675,prior-dominated
kapHyp_lm_w2122,0.500474999680341,0.390061097221326,0.779381782247789,0.093817628551309,1.73835670840276,0.027591441753156,1.3128798279334,prior-dominated
kapk_20,2.9168507861695,2.19103834939113,0.751165729759002,1.11223685333739,8.59640325881285,1.39579586146309,7.71382161568994,prior-dominated
kapHyp_la_w2020,0.598505881240268,0.448922199014464,0.750071491501762,-0.283282339411686,1.68274984175647,0.119593081679595,1.59486463473645,prior-dominated
m93_U,0.907518147502991,0.650812141594008,0.717134024685565,0.662731976749761,3.42425693736097,0.769548499593548,2.83218620197061,prior-dominated
sig_xi,0.0509434410074851,0.0350956650284463,0.688914300533599,0.0845451749353557,0.234071741446616,0.0848270123509082,0.199184057994393,partially-identified
kapk_21,2.89057984196577,1.94178123562526,0.671761840802408,1.11585532209331,8.58739575342455,1.15167415073658,6.7081041825195,partially-identified
sig_gz,0.0169547790757238,0.0113136358018087,0.667282997394392,0.028141885607207,0.07813957809742,0.0280794676836693,0.0648204244357782,partially-identified
kapHyp_lm_w2021tot,0.499452066735876,0.30308799839563,0.606841013545973,0.0924882185512089,1.7387344064914,0.834193883609994,1.81248034467424,partially-identified
m84_z,0.912043688933072,0.552005047033524,0.605239698198308,0.660568600507843,3.43022179322267,1.54647751881068,3.37207819535844,partially-identified
kapHyp_lm_w2020,0.500012533661854,0.294892780343243,0.589770776711513,0.0924132759684451,1.73662003419792,0.760233210579412,1.74238369966646,partially-identified
kappop_2021,2.90962770958251,1.64423455518492,0.565101352922173,1.11321922767162,8.58243505112983,2.03598032098309,7.18455454894534,partially-identified
kapu_20,2.89160109795968,1.60606711452161,0.555424852914483,1.1126029753759,8.61669187182746,1.67785186920618,6.40699818875952,partially-identified
rhohpp,0.299655073755196,0.165623482097839,0.552713758596811,0.0395021118734194,0.961385891989448,0.0833135697944216,0.659283469714941,partially-identified
gamma2,0.0999489263213015,0.0550124966314497,0.550406078946796,-0.384217872325409,-0.061194769455711,-0.347857448707511,-0.167852705365677,partially-identified
gzbar,0.149918582672228,0.0791231136228996,0.527773890418168,0.0536646960718366,0.546411131740766,0.0909273333907278,0.349827253840846,partially-identified
sig_gk,0.0170228822880085,0.0087875228866397,0.516218272438501,0.0281602235401459,0.078379323800115,0.0265784871194369,0.0544641654886909,partially-identified
m84_y,0.900894846957002,0.462029157274402,0.512855810902928,0.658770179922518,3.41278435370018,0.570140864264818,2.03646402797769,partially-identified
kaphpp_2022,2.87342099179342,1.39246755695032,0.484602695159272,1.11023943499901,8.54089666729374,2.32777082208382,6.81004330143321,partially-identified
sig_gpr,0.0172344917966069,0.00808977821186091,0.469394648088991,0.0281900453959118,0.0784425551621919,0.0265390552456012,0.0526442117667953,partially-identified
gwbar,0.149926887658904,0.0698485574160588,0.465884128635885,0.154443167130771,0.646841186744174,0.199825545575506,0.425410738247299,partially-identified
sig_ghpp,0.0168184524796258,0.0073882161745824,0.439292270411479,0.0282028522672671,0.0777048497090334,0.0248020725193034,0.0486779587652345,partially-identified
phiy,0.0602760460477688,0.0256950604390277,0.426289747317937,-0.196185348505541,-0.00621410906289038,-0.0905679801789607,-0.0107566382586625,partially-identified
kapu_2122,2.90633455106453,1.16240241689038,0.39995478719565,1.11371345614597,8.56190534878334,1.15466834371204,4.57478294282548,partially-identified
sig_Ustar,0.0514018998757878,0.0195086211848211,0.379531130794066,0.0847441871834207,0.234762052768733,0.0736595216024241,0.136078850328829,partially-identified
gamma1,0.19966525807558,0.0734634526231314,0.367933076245658,0.250482891558591,0.902452219969748,0.40581676692532,0.646447468367932,partially-identified
sig_gw,0.0168005157247482,0.00601868741173386,0.358244205733991,0.0281899324264067,0.0780278202611957,0.0232555786143011,0.0435893646761274,partially-identified
sig_z,0.169917157368757,0.0591575138800666,0.348155035054418,0.281273981219862,0.780392979877456,0.274622967245624,0.463359341337763,partially-identified
pistar,0.500354347841091,0.1727655611666,0.345286419338699,1.67487029046199,3.32148533911487,2.30236269890558,2.85688097631348,partially-identified
kappr_2122,2.92697744044956,0.981689038672503,0.335393442090119,1.11239839931813,8.63632211914505,1.33794560916539,4.33698864202354,partially-identified
rhoU,0.300141178083298,0.0948155982723036,0.31590333215121,0.0396071563688748,0.961741967214026,0.655978395792748,0.964655573985413,partially-identified
m84_c,0.909330938618332,0.279241680959044,0.307084768701847,0.660910719505844,3.4321239020283,0.935353987258962,1.82097077557336,partially-identified
sig_hpp,0.136275771163608,0.0414667589834005,0.304285630742218,0.224946982875295,0.623671692912057,0.167942408267352,0.301277513474493,partially-identified
sig_pr,0.104025693179268,0.0312023209168249,0.299948214361368,0.16938004678324,0.470485256465485,0.144125886106403,0.245553296901405,data-identified
rhopr,0.299758145049103,0.0897908784954563,0.299544415984919,0.0388792536100018,0.960395114014147,0.700387734718747,0.981920939328801,data-identified
phi2,0.479166740302097,0.140805753156495,0.293855439690414,-0.917791079436234,0.60724154579875,-0.358522588313533,0.108216601719855,data-identified
phihpp,0.100197848050537,0.0291084372982503,0.290509605391613,-0.164575265548209,0.164627122707349,-0.0209523683157917,0.0743488180877994,data-identified
phisum,0.289437344535392,0.0774830654554248,0.267702378142674,0.0528295850986404,0.955076764361374,0.726743588747927,0.968184328854334,data-identified
m93_pi,0.897690464136354,0.231484890919936,0.257867160416638,0.658084426221331,3.40125897954818,1.37771761688443,2.1326988384789,data-identified
rhok,0.299539599601397,0.0719258762505813,0.240121427505059,0.0397252781252473,0.961142668859562,0.782059540710652,0.993760966150991,data-identified
sme_pr,0.102935355706731,0.0246651944588567,0.239618295283589,0.169225053460131,0.469177381857257,0.197538505552441,0.279121905379683,data-identified
lam2,0.709778843052729,0.169041861630433,0.238161313604941,-0.922449375103045,1.41234156596973,-0.211156400515646,0.343302089852965,data-identified
nu,0.149907152686939,0.0352792891809502,0.235340933028235,-0.346371753680628,0.147384293748778,-0.0981651471027905,0.0167296456114676,data-identified
sig_pie,0.10109626144346,0.0231772749847912,0.229259466708901,0.169491024717669,0.466932668730166,0.165704654544076,0.242391246170615,data-identified
sme_U,0.0843120598850385,0.017368163107565,0.2059985621422,0.141060429766384,0.390172585310345,0.109207655168097,0.166201471464947,data-identified
kappi_2023,2.89239864763984,0.594276894873469,0.205461614137592,1.11276231646023,8.57071969189142,1.34518037619174,3.24179426484528,data-identified
lam1,0.708155889225953,0.13924385670238,0.196628819756876,-0.916645448455075,1.4147176851535,0.0552126803570801,0.511514441904667,data-identified
sme_hpp,0.171983061024092,0.0336700231882052,0.195775229186604,0.282177437838697,0.780943470953598,0.298043717013668,0.407524131491924,data-identified
sme_y,0.203747794065016,0.0397844699932014,0.195263316473042,0.337370705482787,0.939151487557181,0.228698551769273,0.359500613704372,data-identified
phipr,0.0499295823167455,0.00971979144037369,0.194669993005606,-0.0819667034952392,0.0823810405433161,-0.0192277822656418,0.0117146406515375,data-identified
alphapi,0.283072442993282,0.0525953035896477,0.185801567377916,0.0591869865997614,0.941307388801242,0.0547915963831767,0.225262882154306,data-identified
sig_c,0.272135814268366,0.0473123283369776,0.17385557451957,0.451467001501006,1.24735848816778,0.32644849225055,0.479428046029989,data-identified
phiu,0.0299909006688786,0.0046336828259866,0.154502956651614,-0.0977372474401247,-0.0031550802231443,-0.0188523078269466,-0.00407882455690542,data-identified
theta1,0.70537453781337,0.106031233374682,0.15031905419123,-0.902886358790096,1.40770355245457,-0.19894664937893,0.142211624863641,data-identified
sme_pi,0.341326410898895,0.0486376344517319,0.14249595958204,0.563828981423155,1.5631559837108,0.578672113191657,0.741030175849268,data-identified
theta2,0.70636605385288,0.100628922411741,0.142460020357518,-0.913136771658818,1.40582157700698,-0.0487346027604252,0.286033980186823,data-identified
sme_k,0.0676140374856843,0.00959452189152737,0.141901330674992,0.112843533582045,0.312042486445194,0.0526955561672026,0.0837082277546037,data-identified
sig_k,0.103140506738165,0.0145174055338758,0.140753676639674,0.16921862695943,0.469599128672606,0.0643867917986791,0.109372107501608,data-identified
sig_w,0.0672146414727875,0.00877816801658709,0.130599045449659,0.112675974264165,0.311671762510452,0.0515297460101341,0.0800424047482976,data-identified
xi2,0.70296664317613,0.0854199444818631,0.121513510365044,-1.40307008594937,0.900368463281959,-0.129823291192281,0.152354404953653,data-identified
sme_w,0.0681499585364612,0.00678217801286652,0.0995184466508216,0.112490106658039,0.313747991857326,0.0519424135006618,0.0742114176559722,data-identified
xi1,0.709305598149056,0.0702592657245111,0.0990535897472878,-1.41569910582639,0.915311666332207,-0.451146951929423,-0.22456873819054,data-identified
rhow,0.300089237510952,0.0296291030353961,0.0987343074385158,0.0388671248817117,0.961385513146837,0.904675908142095,0.995386639087305,data-identified
phik,0.0499813205290807,0.00229536433276549,0.0459244435414621,-0.0825530880310253,0.082015234323402,-0.00402751280701885,0.00344412965450095,data-identified
chi2,0.708914648323451,0.0281271065784449,0.0396762948049728,-1.16216050925028,1.16573445709614,-0.0304236134551963,0.0600950936941518,data-identified
chi1,0.709023620214595,0.0278637245330748,0.0392987253720003,-1.16916626339794,1.16612281185584,-0.0147757718817978,0.0763952526962174,data-identified
sme_pieobs,5.71767716527685e-15,5.55111512312578e-17,NaN,0.3,0.3,0.3,0.3,fixed
