date,rstar_q05,rstar_med,rstar_q95,nairu_q05,nairu_med,nairu_q95,taustar_q05,taustar_med,taustar_q95,gap_q05,gap_med,gap_q95,trend_inflation_q05,trend_inflation_med,trend_inflation_q95
01/07/1974,-2.97981040629786,1.23467168312783,5.3468241945875,4.34811720920429,7.03500769628048,9.81002207866999,1177.10850464021,1181.19705015826,1184.89305676517,-0.900643478559782,3.37044297680804,7.53782685257823,5.87127869633278,8.48300942090199,10.9326318748716
01/10/1974,-2.65302669143975,1.2575595469481,5.07468809774748,4.31999146236682,7.10441919884346,9.73723094722093,1178.38275431707,1181.8300995192,1184.91565561589,-0.961928715562958,2.12419940222694,5.60221495195145,5.94135273550753,8.52223273338029,10.9910599467607
01/01/1975,-2.75440917353349,1.15494439318489,4.914459461948,4.51669076485457,7.17477438726001,9.73846474744331,1179.21051391231,1182.31250643955,1185.0343121604,-2.05660465765409,0.471938552601907,3.59324438097982,5.85680229329462,8.49934721420064,10.7863901772454
01/04/1975,-2.71708038230057,1.157136583894,4.89933305561386,4.67741836389014,7.14900150535308,9.80631124250357,1180.35407512919,1183.04179137565,1185.25739551215,-2.31722801029382,0.0491500389078965,2.83602315073067,6.00508213641041,8.44733891107259,10.7311245313274
01/07/1975,-2.51744291356737,1.28227364714051,4.83869476233138,4.69271349683036,7.17844799294355,9.7323498424909,1181.30637198187,1183.81798529767,1185.768138047,-1.66391054836396,0.316845516270602,2.97911522496532,6.12588075825478,8.52966000153041,10.7022916604766
01/10/1975,-2.41956367691737,1.28656912952014,4.77547797150232,4.64106854560659,7.18866382112167,9.65650647467483,1182.30722822583,1184.60426035002,1186.42274809598,-1.39798345699917,0.533115263681431,2.8357212166057,6.05672210855079,8.52910641460575,10.7329063776024
01/01/1976,-2.21188674181244,1.36856488879998,4.81957203828071,4.71523710250901,7.19936383286894,9.57096444821416,1183.10984734354,1185.33314748734,1186.83836131439,-1.89294116592772,-0.147036988662608,2.10286403885399,6.11788045292092,8.52980311371283,10.6826380425582
01/04/1976,-2.06096999524481,1.5315930797451,4.72250276448534,4.5803566358806,7.12111945517077,9.45165694746936,1184.16131122761,1186.2063677722,1187.6282463745,-1.17554561951918,0.288694002937797,2.44005647264343,6.14496693619761,8.53381038332538,10.6560440479554
01/07/1976,-1.86754013723385,1.3627544028102,4.92698079482314,4.64536688561521,7.03015812572974,9.4147596233497,1185.17442769513,1187.03225047457,1188.33754412295,-0.738187014503141,0.825539752573962,2.74095149247399,6.31769754131073,8.55534875644736,10.62971569283
01/10/1976,-1.96951282222506,1.34906861133117,4.75355273362226,4.68194615675124,6.98388580962764,9.44316556688407,1185.97097856327,1187.73810518132,1189.01016965197,-0.709477206449922,0.870294035541589,2.74607735020197,6.27688014312772,8.55458824877405,10.658549582869
01/01/1977,-1.88688380323287,1.21666882228179,4.60315312043737,4.86003088441032,7.04808469399042,9.42391954607839,1186.76479023644,1188.42268839785,1189.68007763249,-0.922849673908383,0.497042267459688,2.22445334830592,6.34623128633273,8.57376465019626,10.6314306493786
01/04/1977,-2.12452160082157,1.32027921324975,4.54564502625999,4.98133760519248,7.14555867413623,9.55953425528815,1187.49283244874,1188.98673415759,1190.34414174142,-1.11019906981208,0.369965464514207,1.81787255923604,6.36925431691252,8.56731663601943,10.5461054970901
01/07/1977,-2.14752064467331,1.26226237713009,4.62754066204058,5.12241692468215,7.20256291462189,9.51550354464738,1188.22832068632,1189.55723162108,1190.83398078586,-1.46349677437984,-0.128957565615463,1.2043848750113,6.35019200342437,8.55657111208308,10.5362675047062
01/10/1977,-2.12329143910209,1.27271558904718,4.58381356114784,5.17462131548005,7.22464034694637,9.54156328804805,1188.8286996232,1190.16986848035,1191.31919498179,-2.13135860082202,-0.654654955194166,0.784700315510983,6.32821258649991,8.53931639699398,10.5365190544689
01/01/1978,-1.98359873580231,1.31265044350719,4.74957382679176,5.05071874191336,7.2900006574989,9.49505980177643,1189.63212345861,1190.94686993647,1192.12543085847,-1.91515877774222,-0.649862818797335,0.717586316241895,6.49985015483188,8.55903211852931,10.5141357868054
01/04/1978,-1.72037054704031,1.37076447211424,4.91695974184072,4.93357868853248,7.05965028025061,9.21836553627411,1190.65442589757,1191.89315012776,1193.03030049371,-1.24046449417394,0.105685762284887,1.36639196182183,6.61999885087699,8.59658759011649,10.543039161951
01/07/1978,-1.46697266712715,1.45147062648123,4.64225190388064,5.14084450627226,7.05907889689559,9.12952615816141,1191.52252584563,1192.74386166554,1193.84328910519,-0.97539262199212,0.182544257637129,1.43683271889014,6.67067796032833,8.56116621074553,10.4953764795589
01/10/1978,-1.17933081356398,1.50605655450871,4.34045892307414,5.16789295296958,7.00996878691196,9.07948371984287,1192.31161819176,1193.60107685203,1194.72756122688,-0.888582731490229,0.19301166648711,1.64399202485113,6.74310470086449,8.62205968075252,10.4638655796078
01/01/1979,-1.39740596114903,1.5073615429795,4.34067568495445,5.13715335025314,7.00218783111672,8.92994519349342,1193.19258578829,1194.4897389644,1195.45672583215,-0.898799927465882,0.264074175005104,1.70347623533603,6.75880668617372,8.6619060118126,10.4100579886312
01/04/1979,-1.2996394253814,1.43058480194371,3.95625394152149,5.20085139333257,7.00064176009533,8.95368932319571,1194.18948571833,1195.50335420983,1196.5451891814,-0.465367779975561,0.724900082611942,2.11669487048073,6.7451500672649,8.64389230100063,10.4387560129684
01/07/1979,-1.35431059908662,1.6061620573458,4.14996071602956,5.26783602089915,6.93034284839192,8.82347061576999,1194.97950819948,1196.13879070963,1197.14507060988,-0.913914506109809,0.207575865934303,1.56775716652603,6.83369743537576,8.64432869321149,10.4079978276648
01/10/1979,-1.42128629297808,1.49712978242363,4.14749345304626,5.45240544920217,6.96538297240033,8.83715834841112,1195.72122265927,1196.83979688791,1197.94665589619,-0.34828248865455,0.752545910631072,2.14284679938861,6.89871242476613,8.62711387399474,10.351356932006
01/01/1980,-1.41789119611387,1.48542136100637,4.01899940574782,5.34252507402182,6.85876824635335,8.60246665403695,1196.54498482105,1197.66175432095,1198.64016159115,-0.820893576794832,0.222294022382906,1.45605112459683,7.0355364296876,8.66844609622826,10.3611770930803
01/04/1980,-1.55368033203214,1.36099160917068,4.2018931444191,5.40963235605115,6.92209612273018,8.65792523611866,1197.36748329564,1198.55418484527,1199.63635085166,-1.08361158508,0.229071264655379,1.53641512401004,7.10448166517813,8.69083877484319,10.3010616136394
01/07/1980,-1.0745562990728,1.42023103612575,4.19020638463812,5.37161922339023,6.90867609988673,8.58742175748096,1198.21341607188,1199.42636737068,1200.40309176541,-0.667564964396996,0.486112271745591,1.73008931484146,7.12623345105347,8.73786553854756,10.4065917791073
01/10/1980,-0.987025244948299,1.58733969560094,4.11125010422489,5.39044687279375,6.8773275829601,8.49274611416497,1199.14636806107,1200.34693715303,1201.40254423788,-0.355064353293959,0.769203157939056,2.0573782210544,7.27184009654499,8.79072797483316,10.4184320431971
01/01/1981,-1.08372463958084,1.50255934847901,4.13219055705989,5.26838702312171,6.71304754324074,8.39546669507721,1200.07427487807,1201.25964823887,1202.24713436449,-0.642836835945529,0.414916748158102,1.80677780230498,7.37439813556277,8.82729348166436,10.4633552119564
01/04/1981,-1.19728794671208,1.40300932356289,3.94348372166242,4.99430414811941,6.49634991196708,8.1082994268078,1201.11957283173,1202.31002095714,1203.30774157128,-0.929290412629568,0.293613773921637,1.61325344647588,7.50570902622226,8.92255907420761,10.4188422829873
01/07/1981,-1.34188390199962,1.28478363600627,3.87768862903975,5.22877134393342,6.71523133789304,8.32440674373669,1201.85831008295,1203.07125700677,1204.16237102057,-0.679771688286617,0.500381955518042,1.91022160957057,7.45420550280061,8.93587782679092,10.2888459328456
01/10/1981,-1.74379890982757,1.11101648967184,3.59672249870311,5.39667842480476,6.82364543711005,8.3548296295971,1202.52342769432,1203.72918514616,1204.81568944765,-0.839466178931732,0.361070621676881,1.61150151730256,7.31367739114063,8.95036508279119,10.2018951895577
01/01/1982,-2.0470042415856,0.842410257579138,3.32318933280224,5.67871781256588,7.06435672874041,8.45011869789945,1203.08782766197,1204.2917822616,1205.38118960336,-0.50954435499293,0.694585888184897,2.06249786796102,7.52414507794793,8.92741605777862,10.0593320872981
01/04/1982,-2.29271872808162,0.524668292378574,3.11934687765409,5.9455482426326,7.33694495845592,8.60212758748645,1203.46068273792,1204.53186283173,1205.70328084864,-1.05735234854589,0.108143957834066,1.59910460279442,7.35585842391719,8.7440478158791,9.93245863310107
01/07/1982,-2.8283895017383,0.155460152047644,3.1190141596845,6.21612446674229,7.55877371457638,8.89511321277243,1203.54046218199,1204.63750223871,1205.88188197892,-2.53480115439647,-1.03803576281578,0.27185112920103,7.24914020488853,8.58624278276613,9.66490290536269
01/10/1982,-3.29732462476382,-0.227073281751864,2.93570029170148,7.11621370209715,8.44274113840383,9.68156178536642,1203.14067905854,1204.29564114049,1205.53423103084,-3.57043870503356,-2.15732467644794,-0.719871420203157,7.0647513306235,8.27808626981581,9.31742606973147
01/01/1983,-3.32388075651785,-0.183935316170191,3.09766386678552,7.21130639837938,8.59161743629107,9.88907410840319,1203.16033688607,1204.42501447827,1205.72814618957,-4.75555697194885,-3.28485049364508,-1.88277093676623,6.99823206083054,8.15214530022778,9.19225051822819
01/04/1983,-3.00438786782136,0.217802803396709,3.29236645584224,7.25641771128387,8.70219089504331,9.93995250291117,1203.55735673669,1204.85902535982,1206.27125844575,-4.39139944122826,-2.80762122056707,-1.39065529299881,7.00317921438662,8.04880986079976,9.08099526596543
01/07/1983,-2.67427419426646,0.660171687896575,3.44544570708808,7.16427901665244,8.58781194337576,9.76714341145272,1204.32574407505,1205.55869748313,1207.09439401803,-3.65328760901974,-1.91545798558722,-0.50276479037595,6.98347251990649,8.04523182655986,9.02759693616842
01/10/1983,-2.04008851486625,1.12978217732132,3.8266986620971,6.64083918142152,8.02026533057403,9.19317282611395,1205.57404057648,1206.81835004575,1208.31511982196,-3.11642492869382,-1.36976668216445,0.0474484818199526,7.20218403424044,8.12522637527447,9.00911402753254
01/01/1984,-1.47464099301962,1.45464023017594,3.96225055913538,6.37656055861845,7.74881740228496,8.86022918408774,1206.81291009976,1207.95854537211,1209.47310344222,-2.67606322057703,-1.04503367238653,-0.0234073777695506,7.33604095632094,8.14874614711909,8.969549279625
01/04/1984,-1.00228705886221,1.71169594371026,4.46617881967471,6.13002531140896,7.54688601874704,8.69106160938345,1208.09868173982,1209.16893944154,1210.68962159292,-2.12954527891737,-0.633873123697923,0.495114130810268,7.44975399092698,8.23912694665704,8.97872820835513
01/07/1984,-0.628482678521437,2.07369151770939,4.76880500958172,6.05369548204538,7.36962626118525,8.47224504997118,1209.28307604695,1210.28015284165,1211.72850178153,-1.80448770218366,-0.413542782894037,0.515415296830676,7.65657417042426,8.33681025215047,8.93750119893651
01/10/1984,-0.421970333847923,2.24543181211578,4.72257227077455,5.97912875882237,7.24920033696574,8.31718789110679,1210.33734164107,1211.32541918767,1212.55880706787,-2.04183641138204,-0.750615866723654,0.213077853868771,7.89329068000623,8.41386563906232,8.92860348532546
01/01/1985,-0.356169055904477,2.34334202658985,4.83789179563831,5.96982678972449,7.22817792866543,8.23843452951343,1211.55031678439,1212.39248899577,1213.62618949482,-1.69851870858278,-0.417700299388611,0.474998856158872,8.14048006842611,8.50561838293844,8.87616694248573
01/04/1985,-0.324977286642437,2.26512356694545,4.74553029320913,6.02979038135566,7.25954681182689,8.22433969574958,1212.57949894774,1213.41675754737,1214.51931795592,-1.32157315590813,-0.114228617810391,0.79804248464013,8.17320590854859,8.50626872811938,8.81785770239935
01/07/1985,-0.457682023936622,2.06526450110891,4.62962635755812,6.0225334794008,7.25369940988669,8.20764351832851,1213.52408854101,1214.35649950888,1215.47866769587,-0.527085374080468,0.546205436938856,1.50488046097431,8.08809581967305,8.42054768943321,8.76669769032745
01/10/1985,-0.843430118397279,1.64862391499657,4.19113357245336,6.02756394017217,7.25598287771759,8.15302991860987,1214.15110281036,1215.01041462678,1216.25593825072,-0.622874666371167,0.595227514448472,1.52294707439711,7.6855328024633,7.99378072114033,8.30633047412388
01/01/1986,-1.10414788404343,1.40681912001066,4.11087780318205,6.20456626512886,7.4220821592859,8.27727732502535,1214.77271907743,1215.68512884712,1216.85395249497,-0.784305433259614,0.295728590935867,1.2593770489075,7.5371155077894,7.84319167533115,8.15300767809514
01/04/1986,-0.875237008058195,1.43723887805754,4.23920094525116,6.10972880501378,7.32236689045524,8.2077028590062,1215.54904278092,1216.38179800607,1217.54033039159,-1.43438118048227,-0.301718861946966,0.644737941728487,7.64395728810307,7.99109862226616,8.28190343724497
01/07/1986,-0.873893487435012,1.62463396472099,4.18689522311491,6.46740309593801,7.56691877564587,8.4407122364146,1216.35442133954,1217.25425469927,1218.26173039694,-1.78196807070958,-0.564291282811801,0.351238627857451,7.52493076310331,7.85465608850852,8.17844944523401
01/10/1986,-0.656784751998211,1.85677147352946,4.61602225701176,6.40630827980861,7.47070777305903,8.37903733496382,1217.32378316434,1218.22604956398,1219.27859379482,-2.17509353901466,-0.974779469487552,0.0674806018703755,7.44981183665854,7.78202737037409,8.0885246974703
01/01/1987,-0.432257649136298,2.22137441840894,4.75534824088202,6.2691596305904,7.30089952043387,8.25443557117173,1218.43506730242,1219.4497700077,1220.54409357528,-2.2005195174379,-1.01776581420434,0.035961318475196,7.36407777358952,7.68026747207064,8.00295322062441
01/04/1987,-0.140989901661709,2.32812233554323,5.03073254077254,6.04808737468316,7.11364195934214,8.058434098549,1219.92606977041,1220.93393468017,1222.14199798887,-2.0599983194672,-0.82993207514414,0.0920103142282592,7.36165419307023,7.66062909607103,7.99317281603088
01/07/1987,0.276415179622848,2.59141397529943,4.98743735493145,5.94213141375813,6.93991422930154,7.84048835523029,1221.60774702109,1222.4570686855,1223.65192856201,-1.69853180983115,-0.556119476797429,0.451707127647386,7.40143012262485,7.72187294913132,8.01721100643424
01/10/1987,0.404793533911864,2.76669492278592,5.10880336390328,5.9185385493842,6.92367276831339,7.82014238478628,1223.11431937203,1223.97443617069,1225.03892710722,-1.22396464893526,-0.0190189981475385,0.858271255848573,7.31071418546085,7.64778023763943,7.9500027581778
01/01/1988,0.275152211140944,2.76503160279082,5.2734709798473,5.6339964529967,6.71423893019882,7.61230241341888,1224.40934101879,1225.27194811084,1226.27676372515,-1.06197143378539,0.0430421888438499,0.989839292675467,7.31659241788142,7.63695434033378,7.94365757333598
01/04/1988,0.248588941107137,2.63811569359721,4.92415262858625,5.72373459815126,6.86141635452743,7.78840643574025,1225.28836975549,1226.2311296499,1227.20062514582,-1.00006101160799,-0.0235421285442068,0.95716912316303,7.37077174824687,7.71656870781304,8.00887236534058
01/07/1988,0.335582383550824,2.54605079065787,4.95367099678299,5.26544235462078,6.35195461364156,7.27302387885576,1226.6067170424,1227.58263534915,1228.6935683401,-1.20317317191824,-0.109171367404475,0.935933678346263,7.64457914868318,7.93841230129662,8.25335437756731
01/10/1988,0.213003481359673,2.47963218211556,5.05911484176698,5.10757211182934,6.30641589446206,7.17397864346174,1228.09399818453,1229.04681134614,1230.01934300123,-0.784723878424025,0.328954912298624,1.21129606578837,7.79996447783494,8.11351046201047,8.44831572334647
01/01/1989,0.04614803631926,2.40133013644253,4.75599463770928,5.10181883072857,6.25729207884993,7.17680550018113,1229.20944761396,1230.12403533284,1231.1660400438,-0.72144808613147,0.292833651690359,1.27755621642752,7.76137178821076,8.10126473485113,8.41391910399868
01/04/1989,0.100862977368706,2.28483809706213,4.75315162300404,4.86440870620025,6.02465491068248,6.95135291479546,1230.23959222793,1231.23852959874,1232.14724548584,-0.680090522317059,0.296177009949352,1.24365167681379,7.6336004695914,7.94938218030844,8.26155929351841
01/07/1989,-0.257581594746795,2.07522318538368,4.5260187622344,4.93555254176607,5.98482651123726,6.9355790600881,1231.29827593085,1232.22081812316,1233.16106166458,-0.629145209114507,0.327216843279496,1.40367304603737,7.3552649317596,7.67417255798312,7.97740091054488
01/10/1989,-0.467585180363469,1.85892847673323,4.31986611314297,4.79097138558387,5.87939324371504,6.80581611406005,1232.18794330433,1233.13449907036,1234.06831592538,-0.895018279904661,0.0610768689449293,1.03712219253399,7.10642762647372,7.40548591185982,7.70152713906057
01/01/1990,-0.619912816104749,1.6901698411079,4.07785172822435,5.20452181435671,6.21332871995058,7.07859298713558,1232.78069339944,1233.8122580803,1234.73145224256,-0.858516603374854,0.107347532943588,1.08079137431358,6.83935930160124,7.16763334929599,7.44599288170383
01/04/1990,-0.88186972660804,1.48455108916137,3.92710792840262,5.43422328836948,6.39416949239284,7.29252177480142,1233.63850269184,1234.52264799994,1235.44003866931,-1.11643872720251,-0.125092025877822,0.82909994199275,6.4728841223532,6.78589530090862,7.06143273183572
01/07/1990,-1.23215578385872,1.18216312602302,3.65300716177281,5.99349063322402,6.91190006326007,7.776702377203,1233.85949099577,1234.69481231271,1235.70569475452,-1.38533908487675,-0.488050782834724,0.441132520517358,5.88756999971339,6.20611185114343,6.50723407065882
01/10/1990,-1.58818702763702,0.812500914155326,3.25801814902586,6.35218430080053,7.29359180898924,8.20441757043945,1233.74439702335,1234.73274966059,1235.73753780849,-2.14456216208246,-1.09302995384893,-0.0780011701231665,5.26622555412607,5.57809366874193,5.89777384647082
01/01/1991,-1.77597051278407,0.65432277674942,3.07942538896379,6.92431871041364,7.81706472264543,8.72530038406904,1233.71581762782,1234.73090089069,1235.80811065851,-2.59440755051651,-1.44630622033015,-0.463769281900998,4.85380134474763,5.17209781859109,5.48883712854624
01/04/1991,-1.8503707987481,0.588654731466249,3.19157160559918,7.37748836803602,8.35128156297664,9.20222789183472,1233.77472367335,1234.77096755119,1235.90470968877,-2.86434031798731,-1.57799043303786,-0.591927357508947,4.68997721970319,4.99943991302349,5.30475170428078
01/07/1991,-1.8353613570272,0.610016003811257,3.32254402993407,7.28409951595041,8.26742365077604,9.1517519529198,1234.08011987087,1235.16126409374,1236.41553521358,-3.40181635543468,-1.91178453427505,-0.783036915286433,4.55212565600447,4.86754582573632,5.17844754299719
01/10/1991,-1.80072312635753,0.75385796885203,3.36400049150236,7.40648207955182,8.34987399368959,9.2808067848888,1234.42185115653,1235.46805372169,1236.87477526458,-3.47240750923757,-1.98386581850842,-0.840095722199898,4.44756947797438,4.77309362871808,5.05954422500309
01/01/1992,-1.72835930840366,0.947012343550907,3.37048155591763,7.40657074471053,8.41880504794374,9.39174452097213,1234.66718034734,1235.79422237742,1237.35085237026,-3.38253333885302,-1.80124432688305,-0.666460779832211,4.13643339090246,4.44055744490293,4.71922250424226
01/04/1992,-1.48075594484735,1.17338442047485,3.72654058066952,7.45573515491301,8.42976163411858,9.35668993782552,1235.15106507263,1236.31289200125,1237.91748571179,-3.42068132974112,-1.89326409256578,-0.744881137149556,3.81095906977564,4.14452819717467,4.42736494856886
01/07/1992,-1.47970300646667,1.36814247957613,3.98494776220706,7.48995674739892,8.41202082328904,9.35031368420179,1235.72553790324,1236.9324274459,1238.42817660831,-3.33684510563054,-1.87518529870597,-0.608486260229224,3.56927699396309,3.87967251041657,4.19870741039734
01/10/1992,-1.03843690546719,1.59556817426009,4.25668324503042,7.63459271385914,8.60566844706327,9.587568315027,1236.46524181044,1237.6510260192,1239.22251606224,-2.91037361938087,-1.40773377239691,-0.245944239459101,3.46183517731336,3.7798159195676,4.09673860010898
01/01/1993,-0.840740419006562,1.8548816698399,4.40978840866099,7.48224059347149,8.46543843244136,9.42510699258569,1237.61410075493,1238.62453141608,1240.26243587199,-2.56995923938194,-1.00163056855372,0.103995142942429,3.2794766046735,3.59572064410944,3.93307439032693
01/04/1993,-0.564983451926127,2.05907729894082,4.68180997322867,7.49633667635916,8.39651775334809,9.35345272252077,1238.3062898411,1239.32313943807,1241.08310178648,-2.6350473436896,-1.11646262674216,0.0422468620284858,3.19307598196198,3.51457439389326,3.8520117429332
01/07/1993,-0.339507323164358,2.22388618056749,4.54074155377325,7.47778132684382,8.41580013995855,9.39032333001794,1239.04813798673,1240.07441561696,1241.6240275959,-2.61615817399531,-1.04264880655882,0.0648619851866039,3.16371216150214,3.47270837476022,3.80500477228587
01/10/1993,-0.0511518260960219,2.23899062909051,4.47341075721456,7.46368749667659,8.4007222730156,9.33262560573852,1239.90535113191,1240.9112931519,1242.40038473736,-2.24040816578422,-0.621549412266067,0.426168035103611,3.13964040834187,3.43496040847327,3.76943745475548
01/01/1994,0.0387424133502869,2.46159966090745,4.85765723352742,7.3573521449322,8.2625702332673,9.21899655775818,1240.8252786153,1241.80055642745,1243.11905813527,-1.65491321479216,-0.220876885591035,0.729648324775549,3.10135451852579,3.46561871675901,3.78951551682893
01/04/1994,0.238329393226954,2.51284344138993,4.79175174819998,7.1951216507267,8.09473562285625,9.0065418559285,1241.77677266397,1242.80522257963,1244.03154176752,-1.21769987777292,0.11557903376652,1.27134100482187,3.19977304033012,3.55332034353212,3.88213751840076
01/07/1994,0.602422809104554,2.66684689546052,4.70197061724765,7.08977650434709,8.02544239336711,8.91449302385302,1242.92402832224,1243.75362187716,1244.94789664171,-0.495238268053111,0.704280918747292,1.61559092715311,3.27403335871185,3.60170478569867,3.93046668508247
01/10/1994,0.333136319485766,2.77438983430017,4.95242343244114,7.1226193709892,7.95183179450141,8.76256081571271,1243.60558502659,1244.48917859476,1245.64499049668,-0.801290211783998,0.371632465155043,1.21820513876627,3.26488090312834,3.60191113503471,3.89588037153297
01/01/1995,0.366499038970009,2.87540607023675,5.08298201943796,7.0429047402667,7.87509362226974,8.68094540460277,1244.49693275073,1245.35037974015,1246.40866628909,-0.848890266180014,0.212441613634963,1.05288613954355,3.24138098119082,3.52998104452273,3.84415929539452
01/04/1995,0.487116824674418,3.04532899894542,5.22906042961726,6.9129802044944,7.70724368281967,8.48394052358709,1245.58254394814,1246.40002368102,1247.33338109187,-0.973993647985563,0.113637234826832,0.922803881237692,3.11141200883957,3.45560924604236,3.78652779622861
01/07/1995,0.684574431140021,3.13869359686876,5.43389875808939,6.8978555377802,7.69398217847112,8.50237402326422,1246.6994227837,1247.4988784011,1248.36914411537,-1.05740291721596,-0.129220741074883,0.744367366220159,3.001768918324,3.31850110138508,3.63535286624285
01/10/1995,0.835717660411317,3.25986774594269,5.53893992890692,6.92740246156136,7.68436536788479,8.46382696118994,1247.74775754249,1248.62820884926,1249.5562483892,-1.0748528981031,-0.0745336582067788,0.761861466308738,2.7994845825151,3.14709420764732,3.46775650546836
01/01/1996,1.03947297650119,3.37459597547149,5.57019438057478,6.94414486829971,7.69157267991553,8.46243932838407,1248.80590879426,1249.69059905279,1250.59821874447,-1.15299106925547,-0.110170030216654,0.746064708950416,2.73719832855716,3.0579335094655,3.35601625279615
01/04/1996,1.17646069144265,3.43825133528153,5.70425783393897,6.89894195229323,7.68136492932393,8.46187773426049,1249.64229162895,1250.5495665892,1251.49684290003,-1.63076941760204,-0.658595780605979,0.357195700635065,2.67886576267978,3.01319286234761,3.30957634395965
01/07/1996,1.27085709315062,3.63320835363833,5.66358115142226,6.97678710462049,7.69547078323117,8.49065934296232,1250.72894520485,1251.59732049354,1252.52902901215,-1.57001940051556,-0.639450396453354,0.336580188060308,2.63332749771995,2.92644379447117,3.24019757062799
01/10/1996,1.41073530882558,3.68998249792917,5.9475366182032,6.92445654670344,7.65584762652274,8.41806259057831,1251.71761271631,1252.67530300961,1253.59421730818,-1.59253394291961,-0.600538441464728,0.317788679866951,2.63088565670661,2.92264632595182,3.25081757925108
01/01/1997,1.73609064473901,3.83717153263604,6.11946052166812,6.85245083682071,7.60559258374575,8.32044239469207,1252.80087519922,1253.7245638075,1254.70732908295,-1.5181247491504,-0.473343287901483,0.441081083344371,2.57995689249447,2.89647900103539,3.22976928619138
01/04/1997,1.75846870293311,3.90729117281708,6.21254875508222,6.80425384838064,7.58668845598126,8.24186758842151,1253.92354291282,1254.75985420067,1255.76673335375,-1.12669916112962,-0.139438527161479,0.669226776099141,2.50082421484866,2.80970385456731,3.12102005661992
01/07/1997,1.69180980380741,4.01625495820652,6.33411559157166,6.7580369874757,7.52890383693922,8.21661331418662,1254.70889186712,1255.59643713779,1256.56104684214,-1.17622531346117,-0.242001071556053,0.690484537228727,2.39993725651852,2.73717594138204,3.0467616701047
01/10/1997,1.70694520919977,4.15973934856787,6.27162875245429,6.64409020485956,7.42144826401463,8.08448237356967,1255.8896749764,1256.74024631911,1257.62173152805,-0.694910860996272,0.208098244277542,1.11148108752193,2.46318222411005,2.76852977758814,3.08653197242948
01/01/1998,1.83900450906904,4.14378515223302,6.40729853874041,6.57269549510439,7.34396096816259,7.97924755179409,1256.90763701682,1257.76823126107,1258.53736867964,-0.859969473453509,-0.0111201078381473,0.824782014544315,2.37432259373743,2.68126215276063,2.97926352104572
01/04/1998,1.78746612232084,4.20650643031208,6.48316236244811,6.51695990807123,7.278684574582,7.90874091899364,1257.9636997466,1258.76480658941,1259.58255560829,-0.943721566876274,-0.043362616991576,0.870203134984718,2.27806708636066,2.6409635865323,2.9604988058479
01/07/1998,1.84473457294148,4.10547688990719,6.27904509746037,6.58717185205203,7.31123424299822,7.98260633444539,1258.89242210605,1259.68714940646,1260.51656335702,-0.728653077938568,0.21578025345562,1.06896902061732,2.20587401568207,2.55644126679347,2.87882843610392
01/10/1998,1.84444250162452,4.04626171971496,6.43739898670937,6.44396053692738,7.20577314401542,7.82773123008595,1259.98975731694,1260.83619351343,1261.59157195455,-0.311432269299503,0.49798877082618,1.42049432025909,2.25280944653434,2.55131501690939,2.88127548392202
01/01/1999,1.64909226869778,3.9592621981971,6.27375656216865,6.36693980193692,7.08631450422137,7.76165609722063,1261.02356362755,1261.89205522326,1262.71084136139,-0.241112432236361,0.581524579332524,1.50994787246959,2.22979704327451,2.57050583143713,2.87063784733079
01/04/1999,1.4302020435212,3.71513153874136,6.01454167478687,6.29767967178431,7.02297614469823,7.69673533788592,1261.85009921242,1262.74991131702,1263.52260200487,-0.431615665646019,0.406942635703815,1.32385277041713,2.27740782496677,2.55257909360275,2.90652467797264
01/07/1999,1.32113122925348,3.49219591149359,5.76742280369698,6.29782496891141,6.99571072133008,7.66641161701745,1262.81303407418,1263.67551110363,1264.50239812869,-0.414281200752371,0.489155973765965,1.33393978662426,2.28682344491518,2.57982967331237,2.88305279535206
01/10/1999,1.28691489614637,3.4300618551309,5.53163207316293,6.18987625416688,6.88552306697131,7.53309258449314,1263.89519057438,1264.7136656392,1265.50197215286,-0.0698437720388919,0.803964239338042,1.6879632574353,2.23544675529757,2.55999708619253,2.88160291265452
01/01/2000,1.27563821884555,3.35687282097869,5.45496396642729,6.23632786517478,6.87900756740969,7.51891496437445,1264.88527161404,1265.63937538463,1266.46972758966,-0.0309371087677584,0.75976959853593,1.69115983952139,2.22463193459867,2.51119063783514,2.83063866925947
01/04/2000,1.15637181256568,3.27496073824582,5.48071135440969,6.07614916557899,6.78075305996242,7.42438963676922,1265.63558385632,1266.46880718631,1267.18815284035,-0.049765284815317,0.751530278478298,1.59904132918192,2.17443681810925,2.47493430455738,2.79846317455182
01/07/2000,1.05690749996471,3.21738369801541,5.34450038339551,5.99945141324344,6.69338216045207,7.31447191925377,1266.49700436189,1267.29313624631,1268.07478787221,-0.323545122334438,0.434453405951758,1.42422598839757,2.12651654786959,2.43835430281679,2.76101230376257
01/10/2000,1.25959601321307,3.28147747535172,5.41609939476838,5.98044630682743,6.68893388079765,7.34929916063121,1267.14452890009,1267.93563489587,1268.7032702315,-1.41162090922021,-0.547893889381715,0.374756043268935,2.08809814229156,2.40092479148809,2.72283609903267
01/01/2001,1.3220228249122,3.33891955793063,5.4647324464155,5.96130999209752,6.63634970544617,7.27566201936011,1268.07809249021,1268.89423770466,1269.58764305215,-1.54296796374908,-0.637484501662066,0.355177268419313,2.11563158871641,2.4590735258822,2.79911722396993
01/04/2001,1.15397936902944,3.37584679538227,5.44541886025446,6.1209392738185,6.78140514383465,7.4600441696411,1268.82264733526,1269.70974500043,1270.51073518733,-1.27083936721744,-0.324641649723123,0.605698451250168,2.09817424768931,2.42652870915881,2.75867758093902
01/07/2001,1.3153765067806,3.37035914554969,5.47003230296169,6.06461804041185,6.72906840988434,7.35653505522669,1269.64763385593,1270.5121763625,1271.35758215762,-1.16526303383528,-0.266882559146691,0.542362515680971,2.120426897329,2.42390460368525,2.79143081712176
01/10/2001,1.26705652693789,3.3403416936381,5.56503489086097,6.00929893056993,6.73626619444541,7.41103536131047,1270.49797844677,1271.42350269211,1272.22350268835,-1.00540604799566,-0.0893377327719809,0.854081204856254,2.13727176381175,2.43742972358765,2.75845483969673
01/01/2002,1.32794009176266,3.25424053323715,5.4402287303023,5.87433782723459,6.58779628469972,7.2755419606552,1271.504542942,1272.4004564215,1273.15039001247,-0.611618926341282,0.227797133353688,1.19854547276915,2.17600714569739,2.50104851195688,2.82436739602873
01/04/2002,1.10304464258673,3.24387011216048,5.19911096870847,5.83696087902197,6.52092102803353,7.20973505150242,1272.43058278971,1273.21558302606,1274.02282810189,-0.408831849600362,0.380349443743938,1.33223523923849,2.2047069734376,2.50969662954137,2.83532078690821
01/07/2002,1.05930345262969,3.1189600911004,5.09922633619539,5.81177250979212,6.48003569897786,7.15488936577056,1273.10060269242,1274.0328236616,1274.79611371014,-0.287706491751373,0.526254915448873,1.40679762503467,2.20876433099435,2.51873776590857,2.87223612362102
01/10/2002,0.924089834407116,3.01789285351572,4.87486219844869,5.78535656737947,6.45368036934343,7.10206788742167,1273.89930538953,1274.8236839719,1275.59433034023,-0.201066574631564,0.615923281431538,1.52236516528487,2.17570699506081,2.51706505877705,2.82902514129602
01/01/2003,0.65358984594655,2.81810300564261,4.83613143697488,5.73302689124341,6.40329390887481,7.0764264570906,1274.60050464209,1275.5949750894,1276.43518654564,-0.383896396522945,0.463771969501476,1.54843877885484,2.19558639480515,2.49329635719167,2.80405209001964
01/04/2003,0.768125906449759,2.78726283295246,4.79014540273304,5.66141812271264,6.37568295873092,7.00760692614406,1275.41339366764,1276.37755750532,1277.14594121804,-0.79358105112782,0.0556307285423104,1.13966368449153,2.15729152994207,2.468168440689,2.79398040179268
01/07/2003,0.790569023096222,2.80823153445209,4.82115559999603,5.56006739545774,6.25954515660898,6.90590399567777,1276.35276258311,1277.30507630085,1278.14653413583,-0.815365854345277,0.082208091724468,1.09597203978083,2.21306826925299,2.51869371275763,2.85212099740944
01/10/2003,0.64766839050708,2.7057060339522,4.9228990377857,5.43886021827942,6.13878315758381,6.78871423966967,1277.37730402497,1278.36806669377,1279.24838561975,-0.488286773959716,0.401016972806764,1.53636159757979,2.2419628592437,2.5341794022309,2.8631065643402
01/01/2004,0.44523547198338,2.64712354558612,4.85414473320977,5.32242428279803,6.04864234977246,6.71627992046701,1278.29913077989,1279.3333212283,1280.23147229796,-0.444064389161875,0.453909024078619,1.4506511105452,2.24928934874287,2.56385880786031,2.89042712742659
01/04/2004,0.406204929629384,2.52153401042097,4.54087132588531,5.24035644227843,6.01359581529993,6.68456279241165,1279.05795948112,1280.17465518514,1281.0829001421,-0.388982140111125,0.552617343718444,1.65641947264671,2.23157309928692,2.55528397717728,2.88783802559682
01/07/2004,0.318967069466635,2.27474633099322,4.61390946972305,5.2298719950573,6.01596163024263,6.71672434709156,1279.64825214673,1280.7525307303,1281.67030237925,-0.586080209226996,0.362015459057283,1.42814446423065,2.24598206752649,2.53785028347905,2.8234256186527
01/10/2004,0.127943537194485,2.18383285347441,4.34597951332911,5.02304463893068,5.84053591606522,6.49349136683916,1280.49858198782,1281.62671483524,1282.55318212921,-0.347320993427802,0.491397075223223,1.58208691883313,2.29176351438947,2.60925932353836,2.91335748418006
01/01/2005,0.00963413315387267,2.03691280282048,4.1815922414075,5.08816405688898,5.80742559243099,6.43342090810837,1281.47316478914,1282.47603954299,1283.30592236259,-0.329860775988776,0.493958564679345,1.56723981665924,2.28703121890611,2.59808695639854,2.93453686493784
01/04/2005,-0.1611630578668,1.92259246072478,4.10091256141164,5.08557725161014,5.80109056729508,6.44897584786961,1282.3458459743,1283.25332510019,1284.03815014985,-0.129943332711735,0.723691779875793,1.78835015647431,2.31206142447231,2.61027473529921,2.94727893655835
01/07/2005,-0.174378040128099,1.79707537692173,4.07513813756782,5.03298632035707,5.7482280700258,6.40678403575758,1282.97487202547,1283.93875231965,1284.71399722479,-0.396718793648719,0.5085849725496,1.48507898580739,2.30266363663292,2.62750247094048,2.92675382272299
01/10/2005,-0.0460230443956716,1.78854581855884,4.15419911338987,5.02465422327043,5.75648412651389,6.42564411495276,1283.78330983929,1284.5964329668,1285.46984815303,-0.690882170027981,0.20898624427777,1.16799483513579,2.32553069817278,2.63246959252038,2.96283423932797
01/01/2006,-0.0826344969007151,1.82882248443704,4.05532650031334,5.05719555549636,5.73762378437051,6.40614203715935,1284.44216531729,1285.36055226998,1286.15945622021,-0.816741149730556,0.0187480461158214,1.02113620839023,2.33011073389374,2.63134590114578,2.97624896927373
01/04/2006,-0.0919253995283681,1.86714088087113,4.03046420921944,4.91671892127792,5.5817919609723,6.2977134376747,1285.38972390854,1286.31375763412,1287.13269043948,-0.612234662206292,0.194900127915328,1.21312464678058,2.29697553946297,2.64612214229494,2.9635705100889
01/07/2006,-0.083876754804569,1.92444023847458,4.01360688441786,4.81380472894754,5.53089740978341,6.23240722216021,1286.30249591227,1287.31970672602,1288.1706802164,-0.440699669091464,0.445852715470051,1.51403897766535,2.33015336735161,2.64833316684971,2.94478794233537
01/10/2006,-0.180016192171736,2.01620104949191,4.07975764559522,4.73330930872338,5.45014805248816,6.12758038436778,1287.49849195784,1288.45984148473,1289.31633054864,-0.265797001441466,0.595211453949972,1.63601140693538,2.32210309520631,2.67910751562988,2.983977125339
01/01/2007,-0.102754559065446,1.9521984849238,3.98945329806194,4.74942215729944,5.50814017043638,6.22843684589667,1288.44281323167,1289.37743315571,1290.27594975746,-0.291943755253071,0.630469474636473,1.78793717232064,2.34470086678587,2.6970791513666,2.99529456676186
01/04/2007,-0.273948972865977,1.77184422462527,3.67279109421604,4.70946331322469,5.3982792491861,6.05699047361737,1289.37109456996,1290.27568115852,1291.2079804147,-0.217266243513838,0.668250372104496,1.65217440417469,2.3946194244449,2.73741128726357,3.08523666137845
01/07/2007,-0.395466037344309,1.73135138559487,3.75477855581634,4.69603742374674,5.39120049069057,6.06607383598782,1290.09046788009,1291.1224096676,1292.08305330945,-0.269507926952161,0.664816597749489,1.79438255660745,2.44304880219699,2.74510306410098,3.07335203718864
01/10/2007,-0.691600924468268,1.55767047424994,3.6960467665195,4.67482507333934,5.39276641927919,6.1171560703933,1291.08932437803,1292.088034683,1292.93030897071,-0.349164703219694,0.581985687850842,1.68873227240019,2.42056667334774,2.75516263067122,3.07506293594494
01/01/2008,-0.71019987190098,1.37840048822186,3.71603953661149,4.54210600951021,5.29693067544226,5.94961945625519,1291.93924741426,1292.97598405947,1293.89754724438,-0.337972044412795,0.538566590248291,1.62661638292115,2.46669985910147,2.77612191273647,3.14114057016719
01/04/2008,-0.877934353957966,1.25533229810207,3.47886595258863,4.6043643289854,5.31913470051258,6.05145301992713,1292.94384121482,1293.96157244584,1294.75065934786,-0.380209773750196,0.485645866656276,1.57276437394165,2.40229240858829,2.72110909209507,3.05273286033719
01/07/2008,-0.920386787337353,1.15695797695191,3.25364969285485,4.5096155004816,5.29941828086,5.93704870717641,1293.86372205982,1294.76553600809,1295.60104778216,-0.512667830004243,0.350485693032121,1.25892854502446,2.33907200553494,2.66437418676464,2.95566922762335
01/10/2008,-1.04646508007516,0.978493014102223,3.0883576823262,4.56923439104654,5.34361582089635,6.01065561421258,1294.35370574875,1295.26883275773,1296.09396757515,-1.31838646864401,-0.414398687766423,0.513706949780029,2.27139239087008,2.58332655760794,2.8948927883532
01/01/2009,-1.06565062119881,0.813801454899202,2.78871142209111,4.8559603423806,5.58300355544845,6.26761167064747,1294.83667524069,1295.69076463981,1296.44136121558,-1.75317343648538,-0.846460648026767,0.0419883158853905,2.21676513168407,2.55709203895037,2.88157389018312
01/04/2009,-1.29918142778586,0.687546368047562,3.00504738898711,4.98792788776151,5.6803664221093,6.36225402293958,1295.16015484825,1296.03695115001,1296.89257948198,-1.76200149924949,-0.904197263844484,-0.0211698994623756,2.22043588567421,2.54589499281301,2.86266697820519
01/07/2009,-1.04827912061727,0.806147275350196,3.15930596751955,4.95748771121394,5.61292773705318,6.27956051691398,1295.66166914518,1296.49366966717,1297.32362940382,-1.45144749968873,-0.593577479758754,0.24649343538709,2.28896443421513,2.60171901027582,2.90370408397888
01/10/2009,-1.07671847635731,0.845631000779624,3.28029385729825,4.8482209273552,5.50849500818902,6.20803060182529,1296.36239603042,1297.12071862168,1297.92542023352,-0.986598551240267,-0.137509911111262,0.617948000075278,2.3375962368299,2.65625696029935,2.98952930102326
01/01/2010,-0.83177401833083,0.991909164803353,3.21822378000133,4.75853058465779,5.43398640230235,6.11164659949237,1296.9923417372,1297.80027137231,1298.58135752953,-0.723458300148308,0.113536269943121,0.966050765528164,2.37632382442473,2.70185827721941,3.03508870411052
01/04/2010,-0.731579927673111,1.10644505824161,3.2929793021707,4.7580121665657,5.42256238732956,6.09698034431334,1297.6704378682,1298.47542040707,1299.2927467774,-0.668243243666735,0.222123933763163,1.11325935266643,2.3474471778441,2.67097814831874,3.00015039799715
01/07/2010,-0.692410552847435,1.25209047098857,3.60643194409518,4.68209345295292,5.35583357114179,6.04812363450471,1298.1122978378,1298.95161970583,1299.73581945303,-0.779945091287015,0.0508134675884944,0.91236739184564,2.37567652345967,2.70278452552905,3.02777706184738
01/10/2010,-0.618075839037535,1.34612103981196,3.62719083528269,4.68179749198669,5.34735984864225,6.01557349909389,1298.79657854504,1299.63474353187,1300.45491731424,-0.722461804520436,0.094336457933475,0.902744625002817,2.3775139823303,2.70893568101652,3.0182723953704
01/01/2011,-0.319188579520624,1.6293982451189,3.79655292964322,4.58001865806542,5.25313313837871,5.92075376220751,1299.6145721816,1300.4773609443,1301.30755334501,-1.18978805857842,-0.242773594387542,0.68769733654581,2.40841228520539,2.74423402650096,3.08772442757573
01/04/2011,-0.157527892870386,1.81622310422559,4.10485439469474,4.54308615538089,5.20424544068599,5.91928552862627,1300.51235753943,1301.38002201578,1302.2595454554,-1.21899175803593,-0.35433046147475,0.681411651749257,2.48633769103114,2.76763536875745,3.08436111200237
01/07/2011,-0.224313535450679,2.01734659090608,4.28471381420468,4.60484373970673,5.29317382840323,5.94904133002056,1301.59757811408,1302.45146709366,1303.35112817972,-0.76175839336119,0.110732964241482,1.11474467777926,2.37825984628729,2.71334648100831,3.03173470570299
01/10/2011,-0.316001017157225,2.04552534418979,4.29347370988755,4.58945109404428,5.27918718742347,5.95198567536767,1302.52399711573,1303.39110515666,1304.21582682314,-0.911592074426514,0.0231622011253517,0.937284225652487,2.40810601768174,2.70110452846193,2.99235213318607
01/01/2012,-0.264893926885958,2.03893903659781,4.27689905864603,4.58911106051714,5.29101074702354,5.97867748400815,1303.44143772213,1304.28534474543,1305.07085051837,-0.748694926801973,0.122308494523789,1.04294270217231,2.38993347819713,2.68838027221309,3.0104600175458
01/04/2012,-0.316249323617843,1.97365277126781,4.20745811908814,4.60181707623369,5.29200731008737,5.97690626528353,1304.24365060609,1305.12935357724,1305.83663234353,-0.870285002165837,0.0099085725551899,0.950810672661779,2.33944274132619,2.6868967078923,2.99806503521997
01/07/2012,-0.246004064172743,1.87632218245535,4.13473875937034,4.63394888410176,5.34686405096706,6.03849991934828,1305.04598024962,1305.87587575619,1306.68262207164,-0.945726973176821,-0.0945649404599691,0.762616064790907,2.36622415183141,2.6505043057472,3.00262974584468
01/10/2012,-0.22094683665698,1.79128116961446,4.05998164308182,4.66533167866237,5.38180841203486,6.06086275070791,1305.83601700471,1306.59591387761,1307.4045697361,-0.986279735652798,-0.0861448341992165,0.703028196288896,2.28139863419725,2.62428081950258,2.92430272076045
01/01/2013,-0.391602751026632,1.6803666324488,3.84438584514129,4.75332282502897,5.41040695752637,6.15868764979839,1306.41462923989,1307.22017607653,1308.0685903053,-1.17781654836017,-0.255633000159621,0.579881442288308,2.27378356315957,2.58720332033582,2.86224395597718
01/04/2013,-0.558766386888382,1.60951309990468,3.86045471848631,4.74830564636173,5.42745182485875,6.18364895253625,1307.17206970908,1308.00978102208,1308.82745236,-1.2633059120385,-0.371533669046262,0.51598274978078,2.23109509703373,2.58005372512127,2.88838857086586
01/07/2013,-0.554020640177887,1.61577689836013,3.78496223058201,4.73058318787287,5.42468352193355,6.17816339326182,1308.04084304897,1308.78898617922,1309.61718837495,-1.23483324568481,-0.371822416586091,0.49530677679852,2.23454408976459,2.58009878060503,2.87557036493456
01/10/2013,-0.631354680890379,1.64715402690894,3.98346109642175,4.69042580318323,5.43083668181498,6.1529423883145,1308.62677923658,1309.45001500787,1310.34136891542,-1.5234426020147,-0.539083087838518,0.290376497558344,2.26491958427815,2.5911155447498,2.89782253911835
01/01/2014,-0.529139579135816,1.61117797558621,3.88042250811884,4.75038929262892,5.42740686346325,6.14021718353838,1309.27891765909,1310.08151455603,1310.95698345833,-1.24862111931852,-0.402130007117326,0.573402142121292,2.28467954721414,2.57028984954547,2.90119672776027
01/04/2014,-0.512515109448992,1.50740306906018,3.79074079986491,4.73082575367594,5.39529111676515,6.16349458470376,1309.96434497596,1310.78927817308,1311.68096305819,-1.27927071391683,-0.316025177538404,0.6455914027686,2.26495652999953,2.56060341457565,2.9446818988443
01/07/2014,-0.491295685163101,1.3811124809755,3.69778829527915,4.80216522545562,5.47623484150895,6.23783688067848,1310.48988760425,1311.33546786583,1312.22417432547,-1.47252392073594,-0.481805729185259,0.395933915082211,2.18084561803781,2.52155286783293,2.8453436575168
01/10/2014,-0.542200702886745,1.50720947431697,3.63542837343476,4.83664453747068,5.50999468658092,6.24340278870721,1310.9525320784,1311.72522562918,1312.65884076583,-1.52697243996304,-0.511432051074444,0.377140788442638,2.22494438768656,2.53392844090009,2.85614946294791
01/01/2015,-0.752942804609715,1.53179549425298,3.89747243091782,4.8053463682356,5.49003617437325,6.19543359341196,1311.62738767406,1312.40482385449,1313.36379132653,-1.11283237767778,-0.120411255254388,0.763563463446278,2.21987112441231,2.55738511454437,2.87787292768394
01/04/2015,-0.672599209467971,1.55315474828375,3.82324396851014,4.67360106257397,5.41299448484402,6.12918887663619,1312.1826132421,1312.92649824697,1313.83496901809,-1.06765545079541,-0.229104799772934,0.603477644237534,2.23410164667601,2.54108905154861,2.8515586200416
01/07/2015,-0.697795483964298,1.51500648196917,4.01132660586617,4.75921148812276,5.49616612627045,6.2432049085636,1312.73236532024,1313.53633464112,1314.34679533876,-0.984282965565723,-0.0407203513742676,0.768301839662079,2.12864039151307,2.47790472312457,2.80791751110876
01/10/2015,-0.590386778175836,1.55384741714838,3.97039134347533,4.67719134702096,5.36137869369407,6.18500140213546,1313.27740935555,1314.0930862034,1314.87261866792,-0.860511327017187,0.109567940267425,0.994754975399342,2.17479912880605,2.49462658712901,2.81214388275409
01/01/2016,-0.683501369745774,1.55684962570256,3.88726509452237,4.67302864659789,5.36060496070732,6.19521603733523,1314.03464460125,1314.76370564439,1315.58573011581,-0.781313264445811,0.107518290699601,0.966775941960484,2.1242236476352,2.44614897481716,2.7714409801363
01/04/2016,-0.646604309941915,1.52153149833279,3.82146972506655,4.67727716667198,5.36099760634501,6.20086658007346,1314.41967918765,1315.22520884619,1316.07722397025,-0.962950904923505,-0.104206002188403,0.761937712624074,2.08790010343553,2.42549335538601,2.73150152101198
01/07/2016,-0.776361390855038,1.45576892861577,3.77333272189215,4.58716910789464,5.32345182026371,6.13674724574685,1314.96856087175,1315.8772362577,1316.73941687326,-1.25775092274148,-0.306241013094841,0.622256948263227,2.0465330734341,2.36946166225527,2.68776249060082
01/10/2016,-0.758340817809935,1.61497472594457,3.82282939816817,4.57968309276441,5.31523024031502,6.08366743589464,1315.63417243456,1316.49557581738,1317.4037728626,-1.26824120157045,-0.210815911777851,0.735400217596231,2.03877730487261,2.37745375456744,2.68527457698425
01/01/2017,-0.671626082916689,1.53291861258196,3.87762049197025,4.60955023676113,5.30876053457884,6.11635630916352,1316.25271816633,1317.14520011623,1318.19892259404,-1.20286290016299,-0.0549664619813579,0.795902719515718,2.02457183264641,2.34779876145549,2.68588764972736
01/04/2017,-0.645064845193091,1.50631286107513,3.85826854579364,4.52155630832918,5.23192128977096,6.07464640583498,1316.87851845156,1317.81669758245,1318.79652137254,-0.855447255487463,0.102087058577928,0.926652883053475,2.07874809526834,2.37643132467525,2.67838639665937
01/07/2017,-0.581638606462323,1.62254668481696,4.09035461158734,4.52055278854023,5.25670115150343,6.06501830967356,1317.56335483103,1318.39248798391,1319.30575057555,-0.751299652088728,0.248943865128729,1.10669903471286,2.03115812890417,2.35427810808499,2.68864367549883
01/10/2017,-0.526305026889027,1.69966677907613,4.02318107103778,4.45223438830534,5.25686785311654,6.03750125179128,1318.22507218954,1319.04351020029,1319.9022349465,-0.745928246700768,0.243716346692024,1.11149273640957,2.00797058616454,2.34302430297166,2.6314787671754
01/01/2018,-0.684732621232962,1.73654930908086,4.15046918294627,4.55237641627467,5.31282278704118,6.09541780764063,1318.80773366775,1319.6948194355,1320.48892981896,-0.630596539755855,0.229511029590366,1.1321253031975,2.01053618531582,2.31409246468033,2.64566289019989
01/04/2018,-0.593414913072955,1.77815619584022,4.12441795497845,4.56934747339706,5.29260930231354,6.09643561276587,1319.63007222388,1320.40475265991,1321.24814443627,-0.491645026369319,0.509825083849953,1.30108527211025,1.99713485394565,2.31277672306733,2.64088004438954
01/07/2018,-0.76004024048577,1.68754892606157,4.14789999919823,4.47278098087847,5.24634619978121,6.05806743266174,1320.15656045662,1321.01283830714,1321.84550600788,-0.473464523386414,0.431451488968973,1.32827617981642,1.98289546117774,2.31662217006996,2.626883328248
01/10/2018,-0.81452688207325,1.70723089063743,4.18680714371727,4.40765165022729,5.19640580762391,5.99875824728997,1320.81556196522,1321.66323230125,1322.45947875432,-0.595190931685462,0.288677536537917,1.21738416119301,1.96225245028791,2.30973471960697,2.60476500610169
01/01/2019,-0.884099819614122,1.67117490652565,4.12249288957472,4.46154540207768,5.22266456833374,6.04962319134698,1321.51755203885,1322.41170163536,1323.26449632641,-0.467032923720985,0.411558016802064,1.35637398787377,1.89042471697277,2.22701143279547,2.56211178984846
01/04/2019,-0.909867971201215,1.57349024450665,3.97306005029785,4.56808287221178,5.34969640827848,6.1902085826946,1321.91249297323,1322.87895717158,1323.75677203974,-0.512984868944598,0.356431301676163,1.29536342867074,1.78259302042058,2.11050228210237,2.422948479434
01/07/2019,-1.01515922118084,1.48601066806473,4.04632279828056,4.67083443976184,5.42818939946262,6.24933683101919,1322.42797584625,1323.27311916644,1324.2380345854,-0.360124772656946,0.567533335604501,1.55792499964953,1.67020632909402,1.99272734858263,2.33007872991528
01/10/2019,-1.29210530618556,1.30788524567477,3.63817359525204,4.65334366536697,5.43775200490005,6.25640933720995,1322.77068653642,1323.67955657193,1324.57884792398,-0.469853062341895,0.491444607616485,1.49669387161255,1.67831283510129,2.02495075856863,2.30529802267085
01/01/2020,-1.1274160450553,1.23421046659045,3.62178734804323,4.65438153380653,5.48248969816814,6.33596981914636,1322.88885662037,1323.92619336002,1324.86714829801,-0.807731842095821,0.15936653026231,1.21088655052514,1.63244980972354,1.95089655560891,2.28053382406659
01/04/2020,-1.4119640337278,1.12397728524714,3.70099123374876,4.72093705958247,5.57707727383849,6.40344367769787,1322.92293832951,1324.04668998796,1325.17935821961,-7.67682626093883,-5.58794471672907,-3.4697079830401,1.43057307028116,1.77859083716892,2.08359001102707
01/07/2020,-1.54652842358971,1.09582676616344,3.70892450989038,4.62133201158155,5.49581889163987,6.28494103558225,1323.33806687994,1324.49095704515,1325.75447444799,-2.24208321735774,-0.202601290364816,1.53624890791671,1.45883475745067,1.77170635061791,2.09362111671186
01/10/2020,-1.55080743159943,0.962692909551979,3.71990662293166,4.61798152584451,5.55641378520389,6.36366333919284,1323.73941693307,1324.92623651677,1326.28578678023,-1.2937490308945,0.690012606903627,2.4849778985291,1.47473098455994,1.79738983632621,2.14207459656343
01/01/2021,-1.54525042276204,1.01463993137209,3.62111877824884,4.54202179555504,5.52457888512437,6.41077956649372,1324.17321674829,1325.43908216436,1326.7550906116,-1.08482720973629,0.845227790895012,2.53584341966416,1.56098691675844,1.87290522507911,2.22490051552101
01/04/2021,-1.60943851626209,0.975703827214245,3.52225078432308,4.57843968771831,5.45936016449354,6.42104375447165,1324.6975700474,1325.86279294441,1327.25312475235,-0.931642747138071,0.844776064817439,2.46432497562132,1.65204832226158,1.97884980054862,2.32160195165278
01/07/2021,-1.49596303773196,0.965517315289212,3.52898221460628,4.42554724887509,5.40798870413093,6.28515073922684,1325.13680694985,1326.45524855828,1327.74112758053,-3.11710803243094,-1.05601928390182,1.01073643509253,1.81371367663827,2.15588454803762,2.49028156659959
01/10/2021,-1.48103248385298,1.17496122062603,3.66465078287307,4.31537977088771,5.31115713767053,6.21156396194735,1325.91968447801,1327.20147426542,1328.56230926674,0.564620461895403,2.53020450209984,4.39677155137853,2.03453251577902,2.36945453826691,2.73282921119758
01/01/2022,-1.52587116656489,1.23934243909229,3.6433486615033,4.32748694617192,5.33043105835821,6.18117664372274,1326.48256934694,1327.827741599,1328.99981059655,0.214739306691152,1.5036525080522,3.08683453718909,2.18945209748723,2.53142224379536,2.86990682705167
01/04/2022,-1.45412393209941,1.12988255071336,3.71102135604309,4.2900281819524,5.24950609672518,6.15170317574682,1327.13138154218,1328.55101748267,1329.66222356802,0.189638533916058,1.45462105861867,2.98274397529711,2.25681236116625,2.60482827157569,2.92838504038457
01/07/2022,-1.43357212001239,1.00343008562702,3.55054625338693,4.27755105371446,5.22321649224848,6.15189704245737,1327.93514575015,1329.28665985031,1330.36702474958,0.124502578265774,1.34902027933925,2.65638552479056,2.33361773482148,2.63647464655427,2.9667775809536
01/10/2022,-1.537786853145,0.948655647572591,3.51186957192433,4.27439049295125,5.20607492212757,6.11749273935241,1328.80753425031,1330.03969846753,1331.12453265027,0.106479875783193,1.26144428577392,2.55595020042552,2.37304088387667,2.69035107190855,3.01157236319015
01/01/2023,-1.87481088848183,0.791415059161583,3.39235366689456,4.28568263076171,5.24041939833478,6.1293818037808,1329.63237845158,1330.85164281868,1331.86185448602,0.0514704113651684,1.03386245538852,2.26440058339522,2.35900513940492,2.67357601069992,3.01997095663871
01/04/2023,-1.81449319140358,0.66831796719913,3.30287497786151,4.26001539719378,5.19975250025258,6.11493423707371,1330.46455229988,1331.60867897166,1332.57303961953,0.0332424227895849,1.00650853304929,2.21576208958573,2.34111448057641,2.6386158357005,2.98753533580633
01/07/2023,-1.90210588681302,0.714946149451719,3.35821014537141,4.2703216529555,5.20643472872846,6.1170840203697,1330.89304880261,1332.00588402117,1332.97211471566,-0.465203924472119,0.503230557465867,1.81693274750281,2.32457331432556,2.65644338667811,2.98788715285271
01/10/2023,-1.92275994175181,0.722087619095132,3.36394283199698,4.39644012075392,5.26958392979771,6.24281213953704,1331.2604232149,1332.37939873227,1333.37403716072,-0.510981341741304,0.423221595297904,1.6315146366039,2.32391840729385,2.65066305819514,2.97074168381006
01/01/2024,-1.959574213151,0.556102345484272,3.17258662601208,4.35214268251533,5.18093612694829,6.18753720915776,1331.92905871841,1332.90537710465,1333.77064895022,-0.62163122487771,0.315874779047855,1.36778819035159,2.27792682942585,2.61676146214455,2.93792993210357
01/04/2024,-1.84734805746715,0.547911389321402,3.07705477748199,4.39389319266085,5.21308103990322,6.19352639415517,1332.16944639121,1333.23207780292,1334.08722027651,-0.739336308226453,0.269174225418343,1.41880599274382,2.21598046379366,2.52516168200753,2.86639425937937
01/07/2024,-1.94713741938484,0.447325477760797,3.09117634864309,4.3843478618182,5.2332648730225,6.2155474311128,1332.44444909444,1333.56984412379,1334.38805055857,-0.587313331335728,0.288514682241343,1.41009809685034,2.19950988756192,2.52169248710779,2.84169560734319
01/10/2024,-2.05689813611545,0.385921948451622,3.00185670997039,4.27985940992375,5.18009885922539,6.16274632348299,1332.92113142882,1333.93891135688,1334.80047714745,-0.738802186406877,0.230822864979651,1.28828958598012,2.08552173334358,2.43007425267308,2.76981135509416
01/01/2025,-2.02107915917269,0.549013012590729,2.95703028134162,4.27699104577698,5.15680986094769,6.13061138260859,1333.40211463245,1334.43906558825,1335.27888874403,-0.911142442216169,-0.0488750957503905,1.05557820774123,2.11972926595166,2.42987112862743,2.76686772952197
01/04/2025,-1.94499205865016,0.711281740228692,3.17308846812295,4.22542909310251,5.17279406239642,6.06908637507264,1334.05535420586,1334.98711244337,1335.93225984138,-0.901749587981456,0.0910221445040726,1.11717927532347,2.18865522132185,2.47922130553935,2.80671230160066
01/07/2025,-1.86018940463951,0.748238255011582,3.48306645032859,4.18995777500084,5.19039641672298,6.10352649922567,1334.49483544746,1335.47803491168,1336.52393316421,-1.10784874854552,-0.000644646716555872,1.06308913755969,2.15039937455453,2.48927677999136,2.81074802609219
01/10/2025,-2.05692920493959,0.831790433439833,3.57140585375077,4.08836075623935,5.11879453504221,6.03902505356142,1334.93610436028,1336.01570974179,1337.29062222567,-0.991621294043893,0.121266671471489,1.23490865017609,2.07716108085829,2.45519346780106,2.80704673791483
