stage,phi,ess_pre,ess_post,acc_rate,wallclock_s,lml_inc,m_stage,n_cloud,wf_m,wf_p,mean_gamma1,mean_gamma2,mean_xi1,mean_xi2,mean_rhoU,mean_theta1,mean_theta2,mean_rhopr,mean_lam1,mean_lam2,mean_rhohpp,mean_chi1,mean_chi2,mean_rhok,mean_rhow,mean_phisum,mean_phi2,mean_nu,mean_alpha,mean_gzbar,mean_gwbar,mean_pistar,mean_alphapi,mean_phiy,mean_phiu,mean_phipr,mean_phihpp,mean_phik,mean_sig_c,mean_sig_Ustar,mean_sig_pie,mean_sig_z,mean_sig_gz,mean_sig_k,mean_sig_gk,mean_sig_w,mean_sig_gw,mean_sig_hpp,mean_sig_ghpp,mean_sig_pr,mean_sig_gpr,mean_sig_xi,mean_sme_y,mean_sme_pi,mean_sme_w,mean_sme_U,mean_sme_pr,mean_sme_hpp,mean_sme_k,mean_sme_pieobs,mean_m84_y,mean_m84_z,mean_m84_c,mean_m93_pi,mean_m93_U,mean_kapc_2021,mean_kapy_20,mean_kapy_21,mean_kapu_20,mean_kapu_2122,mean_kappr_20,mean_kappr_2122,mean_kaphpp_2022,mean_kappop_2021,mean_kappi_2023,mean_kapk_20,mean_kapk_21,mean_kapHyp_lm_w2020,mean_kapHyp_la_w2020
1,0.00624484582272002,1999.99999999998,1000,0.196375,9.19676829166667,-7.87771652224135,2,4500,500,9,0.586679988122666,-0.203668075839744,-0.283259460495047,-0.300536170161363,0.573639982399011,0.194024416227697,0.232079254353519,0.519689621154358,0.244052798058974,0.245528785607417,0.487983108259805,0.0189978784233791,-0.00951962073492586,0.480748429313625,0.519189370757862,0.514682841872383,-0.16278049345232,-0.0929073576172992,0.349341664823032,0.308402605718955,0.386357312115227,2.52498501985869,0.430500242217449,-0.0779125328220333,-0.0345345642534028,-0.000816958708569839,0.00496684414452966,-8.45334778009757e-05,0.681508141791232,0.141613478579479,0.283971903807977,0.461610298960966,0.0471359760858448,0.278217824337198,0.0477408499302876,0.180230734052017,0.0465588327603153,0.375793357782377,0.0458040970655685,0.290034678155617,0.0468771611740454,0.137080101159141,0.549104353531866,0.901141997830105,0.178198607697085,0.236560441810953,0.276551462282708,0.474662928067642,0.182210654730616,0.299999999999999,1.72447306106153,1.76235706686944,1.67078539840247,1.78727204355858,1.76467651247566,2.90608704057158,3.677352885376,2.94408186208053,3.60902824662611,3.0238330309313,3.79024029889925,2.92378788278469,3.07192925526325,2.85931585792597,2.87480657590987,3.67036740106706,3.0808038150696,0.981385673274187,0.701944555297659
2,0.0139843345053739,4500.00000000003,2250,0.302625,9.70177620833333,-8.7998213721297,2,4500,500,9,0.576604425581754,-0.204254019404293,-0.290741401501532,-0.273468991926129,0.623896943751812,0.146163022324485,0.226901820302415,0.530483660382506,0.250445835433484,0.212533436956377,0.516846221889487,0.0264703326336393,-0.0431869875400719,0.478537071542594,0.558939082389884,0.526292201257924,-0.173357021057295,-0.0849335036375688,0.344582419510788,0.291720658911378,0.379621657286044,2.55452829077319,0.394648031119575,-0.0756315997725668,-0.0317385188516874,-0.00283963447743931,0.00541173875238382,-0.00103621636071388,0.628115817889424,0.146779454976489,0.272067964012646,0.450966500751358,0.0494188064996078,0.267977148136578,0.0487091506335683,0.164893812841075,0.0454283781125195,0.384880691918585,0.0449062412502432,0.287059673410325,0.0451031339325094,0.134535683835623,0.537536076973411,0.879942971536371,0.16378595990439,0.227362589758997,0.261286281798332,0.449093885480837,0.174802232282219,0.299999999999999,1.64078404197796,1.83348011402955,1.52474355835813,1.73202884503312,1.78316283660028,2.75557812425679,3.99533020559883,2.89533199546957,3.83553659382988,3.03205802315244,4.20735398210595,3.00192731336483,3.18508504721264,2.84447787643734,2.90120447976072,3.97082076014278,3.12713975635651,1.04543085451047,0.691403185363888
3,0.0237981682286079,4500.00000000003,2250,0.319,9.68953804166667,-10.173328366084,2,4500,500,9,0.553696554701226,-0.206562443280323,-0.296955328627575,-0.22664228200342,0.668729305191917,0.081551518615686,0.205173328075576,0.555074879515394,0.209131694878871,0.157801158492327,0.542551366501992,-0.0063277970380481,-0.0776681980471789,0.497996144217011,0.584958555733844,0.513142506848937,-0.148138836139328,-0.0790664428790881,0.336264195782042,0.281774338010849,0.359059807621474,2.5772869722208,0.357021301315157,-0.0703720066970489,-0.0279734312808763,-0.00342240936816758,0.00834261368588479,0.00190055554454851,0.58275743931815,0.151688323648,0.263716342997792,0.44920410411065,0.0504136378620211,0.247929996568757,0.0491631960951909,0.156633952804059,0.0440935224048793,0.388305581980317,0.044627280767185,0.292508347399787,0.044606291047248,0.132303806965633,0.52571126337251,0.856388509009403,0.149090749308532,0.212850323262258,0.249047143696831,0.424218209168709,0.170180332334261,0.299999999999999,1.61022481024247,1.84704124829147,1.27983674606609,1.66645786166204,1.81829645564945,2.69168407337238,4.19004553821482,2.77885483122694,3.61445977934532,2.96686154547627,4.625222766166,3.01645160734494,3.23642333681553,2.82961664066066,2.78073224936373,4.16520385342401,3.24957621982698,1.10530864789754,0.724733537743038
4,0.0360141214320792,4500.00000000003,2250,0.34425,9.59501758333333,-11.6600547449631,2,4500,500,9,0.539904666817816,-0.202913043575616,-0.278992335321575,-0.149910353157674,0.691439161531466,0.0134479881264654,0.192676434911855,0.579532575264723,0.218468845908399,0.14827201698043,0.573808928136327,-0.0410555139839859,-0.112787859756108,0.510783700884882,0.636045074419468,0.490332305835283,-0.0874075145735422,-0.0915366684998541,0.333930306672729,0.265646961747316,0.332648728537896,2.66347525941177,0.314346053684876,-0.0642990768529154,-0.0274766294111164,-0.00520127339749143,0.00658944217268353,0.00332322510966341,0.556351036762398,0.157541855400612,0.257338597765433,0.446173642790941,0.0531638499853559,0.232609600946433,0.0483692268835605,0.149238594090378,0.0440262435273883,0.382699607038074,0.0436460448512105,0.293059571684177,0.0444029388400702,0.129686309688138,0.496326545261368,0.846165016558654,0.138152019202549,0.205688008610786,0.247719398391853,0.398268740676564,0.164043701712868,0.299999999999999,1.65105382267904,1.7481482216225,1.12194555852588,1.56802271113476,1.81942404388887,2.75378261662127,4.1299479932404,2.57899616953518,3.33516713621456,2.96076244786215,5.17663551965383,3.03604387741244,3.27685186817853,2.78720425459839,2.6451994091306,4.15783985814099,3.38614758119147,1.14359803184852,0.714230290244492
5,0.0490734325696095,4500.00000000003,2250,0.386875,9.64976425,-11.5413558331055,2,4500,500,9,0.540144433362915,-0.200073864846573,-0.27120358388536,-0.0961144056294107,0.738613901722075,-0.0503174595585264,0.233075120258626,0.618494848830349,0.211939764407341,0.195694855871639,0.604703085323989,-0.0582923020918465,-0.130927273158256,0.533424883648491,0.67963557384059,0.427026528099898,-0.0319847260379613,-0.114210012875966,0.333854884280163,0.26166855116794,0.312257558293194,2.7494358638562,0.279132932192878,-0.0601031673560019,-0.0249843397677286,-0.00855507548613409,0.0015949268993594,0.00412332127564558,0.538918410400942,0.157604108527723,0.256818315251107,0.446353594350747,0.0543991664026028,0.219424854784523,0.0466844742764538,0.140793166122179,0.04480221003309,0.379858288854266,0.042552026335425,0.294020408164557,0.0422088889306234,0.127347007917121,0.473690785883986,0.848017204106637,0.12983188058453,0.201343143996159,0.245904337346767,0.372384257712102,0.154080279747305,0.299999999999999,1.68132770103182,1.64331951975778,1.01723070906208,1.51408508382527,1.84541248647731,2.86415484986032,4.27950410930255,2.49129319516056,2.91449839252637,3.0483451474474,5.92873390227982,2.79227716369007,3.38499583059637,2.61519015736601,2.55270553060882,4.2415194196186,3.54826094600698,1.18306649156157,0.696297448012558
6,0.063605034765474,4500.00000000003,2250,0.315625,9.595828125,-11.8913162810276,2,4500,500,9,0.533318502483713,-0.192655477650776,-0.285881666943461,-0.121749997599504,0.788571039765884,-0.0660056981625115,0.24958364560163,0.659208625171775,0.196534538959608,0.179335328823094,0.620150075683102,-0.0617161330504538,-0.117431987803135,0.577598478612035,0.727810378477757,0.400668003790855,-0.0039702007605725,-0.132095403248468,0.334350714405453,0.254386525248102,0.319720284472721,2.78596680172344,0.25349689898734,-0.0564210245913741,-0.0234169612745565,-0.0084471572659649,0.00498283149589548,0.00296023246764294,0.521848859249776,0.151811753340008,0.253753382877432,0.456141265224427,0.0533404451870626,0.209327420785346,0.0447201317668742,0.132347594085656,0.0457421391166759,0.377816590315926,0.0409846311713682,0.283272634344676,0.0399223629174496,0.126704730514672,0.469639366512227,0.83991291484766,0.124161921900712,0.19878200603137,0.243044586403444,0.351897823616349,0.151117586364152,0.299999999999999,1.67273982479036,1.6423450545742,1.00444700966452,1.45631674703206,1.81139854788355,3.03043735309547,4.54563422338317,2.45732926746094,2.7014109528222,3.25876020039883,6.63500191394085,2.61671251175745,3.40827280736658,2.45317927552003,2.45605618622646,4.20949363581269,3.73016983519772,1.22539652724398,0.653622341728844
7,0.0816936178995078,4500.00000000003,2250,0.326375,9.51492945833333,-13.7167259837466,2,4500,500,9,0.525322895223187,-0.189001514583787,-0.301190347778024,-0.149883801854457,0.83936974346855,-0.0739272647996061,0.236450599065205,0.697019268232152,0.176087408224812,0.135283537692543,0.623758932604762,-0.0609595203960929,-0.0820954303198055,0.626441346269651,0.761055447949283,0.396679673082128,0.0204692343210479,-0.137895112371866,0.3320771618843,0.247116208074245,0.331702127558126,2.79432126366289,0.240530416139829,-0.0542831748701453,-0.022063527592671,-0.00686094792861654,0.0066840872996244,0.0026840673497448,0.507049076639318,0.146304781099988,0.25294314197559,0.471563537114158,0.054348979734832,0.203540006788876,0.0434286227391355,0.126048351680716,0.0459345039238986,0.373616168906423,0.0394207748809219,0.270746057824716,0.0384305622208899,0.126097522475548,0.465204866101722,0.835048457049212,0.119402094221086,0.193456654239969,0.233169095589083,0.338652264177491,0.148529754460143,0.299999999999999,1.63212807391501,1.66869130660906,1.00020776986369,1.42156517150786,1.81083761759889,3.14073704302389,4.72914362100898,2.42894753645091,2.61045082365222,3.50677077178343,7.17957402532217,2.43576485947828,3.41540935285104,2.28907682419045,2.29930820627711,4.1025370748956,3.72658997802682,1.29087348206232,0.64323782756656
8,0.1052650744672,4500.00000000003,2250,0.329875,9.69161229166667,-16.7898914126981,2,4500,500,9,0.522225590332613,-0.191329311788341,-0.301251234051463,-0.147576364051672,0.853111687376146,-0.0583035861312963,0.229551069834824,0.729988527324774,0.164330822934417,0.121915595350398,0.62165750369681,-0.0498005694551447,-0.0526596138272339,0.674139371475039,0.786210384098332,0.432521575579303,0.0228894337402832,-0.132418703015274,0.331181650648031,0.236328486728017,0.335256087990676,2.7781584262463,0.218618913248544,-0.052932483695065,-0.0221192837893205,-0.00561696427065907,0.00855720944206354,0.00162513015950476,0.494576226947537,0.141641666168137,0.246275284554938,0.471917647199947,0.0534057391859976,0.198010218408952,0.041899395271137,0.122006339717217,0.0464351514090134,0.368270805133265,0.0385714425764134,0.260874502888051,0.0380794957740532,0.126326324818697,0.464133690930252,0.831830485666496,0.117316238288071,0.187481799929087,0.224192204082108,0.329738713985645,0.145810073190637,0.299999999999999,1.596780618926,1.73510268820547,1.01041388358016,1.39600874718806,1.78475319382435,3.13391170728237,5.18382811960957,2.41796146908029,2.76767913018087,3.67288122609393,7.98359674556447,2.46659592672804,3.51299156936178,2.26079517887577,2.25180984449581,4.18806317364175,3.65344976245541,1.37069599565816,0.67945460673972
9,0.13015028517604,4500.00000000003,2250,0.32575,9.98485975,-16.7880456346395,2,4500,500,9,0.516552898631604,-0.198037765258995,-0.291979882093401,-0.159085244274873,0.859079308486591,-0.0243470526597552,0.197977643483566,0.732101817775888,0.162080873868351,0.117307241514759,0.611809748318943,-0.0269408980468687,-0.0264832431707426,0.699998040333438,0.803053832809309,0.480220538835769,0.0274326879265718,-0.120172545542943,0.333580088970354,0.226358701655321,0.338145511452424,2.76397372065432,0.207209266569872,-0.0514490464998216,-0.0212266839940262,-0.00567465526946694,0.0101684752159438,0.000756752307498879,0.483393046910088,0.139742953105873,0.241341564230934,0.470883261819814,0.052856395091422,0.19033895660025,0.0410876800790278,0.119843604528866,0.0460154264123047,0.362915664554634,0.037851324152115,0.249788452768599,0.0385294097566536,0.127695128673903,0.462215076527251,0.809449826766193,0.114661906637333,0.183203240492548,0.218976414964079,0.323395817971602,0.141245507617896,0.299999999999999,1.54930186180891,1.74345188373971,1.0157943635628,1.41914130370396,1.76230132115648,3.27980702077104,5.39924453979603,2.49021482566265,2.93337736151048,3.7214105305173,8.71782264214421,2.49373305490668,3.72963298917515,2.27431907437537,2.25106592020525,4.33566400435647,3.61191740288335,1.40781741737148,0.715120615421836
10,0.158450782705228,4500.00000000003,2250,0.317125,9.71299391666667,-18.1026209768291,2,4500,500,9,0.509921660219192,-0.209634876784485,-0.302163033389461,-0.153510803431143,0.857507145357034,0.00346408084369089,0.169237674881252,0.726711968490394,0.155766459059753,0.148400718184727,0.586567429480318,-0.0181388227902277,-0.0226566545058449,0.728383338447343,0.824846298233276,0.560486597165842,0.0567994222606088,-0.101500317507474,0.334902347491981,0.221265893039789,0.335148010572666,2.74705290216054,0.207225213894908,-0.0507866662634547,-0.020162927834164,-0.00440878929676006,0.0119016197144119,0.000997265756661109,0.46796851264553,0.137611395515085,0.237301077990814,0.467283621486777,0.0522954272788036,0.180601472927912,0.0403742040527348,0.117491300972146,0.044177003481135,0.358738301283253,0.0370099330831015,0.242347107187764,0.039204811312744,0.128144560344377,0.452374443092712,0.781389055127459,0.111805877825564,0.177084682240132,0.218987707522789,0.32058384201137,0.134889885190689,0.299999999999999,1.4714707955667,1.75221950448791,0.985365237563948,1.44567283356932,1.79395972523001,3.43307055087551,5.36453766424711,2.62569274289742,3.06409560136721,3.77183061688719,9.19450241371375,2.5618399409591,3.9309010523062,2.2284123434342,2.36673547466576,4.63334424981853,3.47246897610842,1.42919798670564,0.804875044663099
11,0.186768216768232,4500.00000000003,2250,0.3035,9.717181125,-17.1215790507697,2,4500,500,9,0.502219509994544,-0.216070681907419,-0.307523025402398,-0.137911364682026,0.858475552741229,0.0412509133041278,0.146052416239302,0.727327282024924,0.142076977649961,0.169454185091064,0.560907203419478,-0.0106984923404999,-0.0225826784495525,0.759090622111485,0.833787773973244,0.627354472563467,0.0852710501276386,-0.0889169545006164,0.336221713375754,0.216633564794314,0.345085297603495,2.71171382467024,0.203322990004805,-0.0494296685476657,-0.0188091862953546,-0.00193663533196364,0.013621172327985,0.00132188104162204,0.459714811496074,0.13710258301683,0.232533213093068,0.460965363602214,0.0513473767479212,0.169629254821599,0.0402015180948932,0.114114474086831,0.0425777826981942,0.356154803405689,0.0362800087847743,0.233183234713752,0.0405640924506716,0.131342757503953,0.427885673705188,0.753433363167327,0.108964465660405,0.173318677155846,0.219618702727396,0.325225255177071,0.127358921335646,0.299999999999999,1.44105872135394,1.79441973418232,0.975311410328684,1.49312744839557,1.78675648607385,3.64250623574614,5.29753834247006,2.67627723110529,3.11656186412525,3.68699092453894,9.24272725484798,2.66615374848366,4.05510423858628,2.33438284500425,2.51374826312389,4.83847995246081,3.17641649154314,1.43510966663458,0.891519354329115
12,0.215213907891458,4500.00000000003,2250,0.29075,9.62768945833333,-16.231708056958,2,4500,500,9,0.48525666414064,-0.219319001892712,-0.308945654551366,-0.123971805710317,0.850800602469541,0.0638842935315888,0.134837402164957,0.74767728566609,0.131654555184499,0.187722649641598,0.539361513156182,-0.00232675640860148,-0.019991610314666,0.766131870947985,0.84321330145349,0.685140850968562,0.125126480436658,-0.0841301472741723,0.337801109615879,0.211854956481684,0.343172964592448,2.67108709918588,0.195808435143403,-0.0520788278138089,-0.0184632248443634,-0.000771726895898275,0.0153472716456374,0.00134985331966609,0.451733853074513,0.139206340709875,0.23135663409802,0.46030292900257,0.052030038023155,0.155735144333584,0.0400905390862257,0.111510414088365,0.0413868090171417,0.35348266239991,0.0360399564080987,0.225854530719938,0.0420887019228928,0.134227862774432,0.401594011583656,0.733635711710938,0.10573972134155,0.171118580436505,0.221474271840195,0.334519422004865,0.118897159944235,0.299999999999999,1.420960107102,1.88114831656594,1.01351891727729,1.55427252573562,1.76021537779851,3.81604038531591,5.31779635611829,2.71426861103658,3.17667938395164,3.59119988260991,8.79528626487799,2.78592436582361,3.90191891486898,2.39403895611498,2.66604042431824,4.88133215622609,2.86955695124815,1.42679063690063,0.968482405585686
13,0.245510736754826,4500.00000000003,2250,0.2965,9.58219958333333,-16.3412548110383,2,4500,500,9,0.485675063541253,-0.221496880101978,-0.306858686311308,-0.101310792754372,0.848203411922503,0.0723613622179388,0.137939645922534,0.762288650962824,0.131837324508301,0.212611350146193,0.515719349418933,0.009910343351379,-0.0158611932219951,0.773133847393938,0.847067400735497,0.730419126722329,0.184217066967418,-0.0793962567484251,0.339197037847956,0.205132678294235,0.346222012099271,2.64162392852086,0.192392469780157,-0.0522461868297318,-0.0174664035092212,-0.000152763591590005,0.0163883373699552,0.00138952838196766,0.445304724650323,0.139124621454118,0.227736367853287,0.463220049938277,0.0519411043887299,0.143365529463852,0.0399547088583221,0.108505936024899,0.0404935953066256,0.354810710064297,0.0364492999986211,0.221881514946219,0.0437524810910793,0.138756316070151,0.381950479050087,0.71827805627911,0.101463764664133,0.167370329938579,0.223322184326817,0.342568294483782,0.110257078819518,0.299999999999999,1.40509164342788,1.92130139799325,1.05872061276204,1.59124839525549,1.74504658427613,4.00422351764945,5.14555441997201,2.78826458555785,3.15587156454684,3.41993925680929,8.5764762513875,2.80311775661732,3.85626611821521,2.56509059163858,2.64578895069623,4.92166074021745,2.54719384749666,1.41735079691776,1.00300799661406
14,0.277926719263205,4500.00000000003,2250,0.296625,9.596757375,-16.5035346963842,2,4500,500,9,0.488040902152287,-0.226007231049591,-0.300560241855216,-0.0865447395122712,0.845661412604979,0.0607206276395042,0.165681777050819,0.78949184679091,0.157956432916362,0.228023291359539,0.471425982624291,0.0226504214116827,-0.0100502611096885,0.78292952816494,0.848319228781326,0.77171925648937,0.244940483029538,-0.07048299567052,0.339790175869091,0.189424431858052,0.343684151126145,2.61907367747055,0.184883874021841,-0.0507620821743606,-0.0162624185476973,0.000743426563780106,0.0128833575508445,0.00155718977141366,0.438595972409786,0.137372054114599,0.224395945753105,0.461112786918977,0.0514067953514432,0.132137747112363,0.0402151026052012,0.105758259577381,0.0396472531964431,0.358637198793213,0.036839599860365,0.221598676693217,0.0445825798021087,0.140464262669115,0.363834550049805,0.706046134210388,0.0972252846016717,0.161993866126787,0.220444819596206,0.348826757576465,0.101394471846892,0.299999999999999,1.3696758853061,1.86629599475301,1.10045678494836,1.61479234120416,1.79600371635248,3.97955304776748,5.13680171183766,2.87041513729251,3.22013809851407,3.29106919662652,8.53572602714466,2.68321971294088,3.8556057271246,2.71950152953105,2.61194501232448,4.94623125964925,2.43049668731612,1.41172395182317,1.0085974962275
15,0.316270026117033,4500.00000000003,2250.00000000001,0.31525,9.604624625,-18.3758652081454,2,4500,500,9,0.503379637535008,-0.237759230212043,-0.310997984535432,-0.0682233589474003,0.853462883286738,0.0430585868301066,0.193652183954656,0.814484716055734,0.178749242533039,0.245821665960075,0.445191568716781,0.0307309808416711,-0.00389022404142616,0.798031662112058,0.84953843355506,0.784375362063129,0.256951001867535,-0.0600210962678759,0.34402425318064,0.172272053311645,0.345736366683279,2.61780351041705,0.177656610762591,-0.0483160768007933,-0.0155458872530125,0.000891807593448211,0.0119473891486004,0.00178174281941564,0.428875284548281,0.13338178998936,0.222693366594909,0.457861890655448,0.0506919608978716,0.125283843149737,0.0404608536599252,0.102667491270072,0.0386294512092814,0.359395673309508,0.03688585805297,0.222357934658533,0.0440545341854735,0.140792953232363,0.357397318248946,0.697821653261158,0.09409954725313,0.157740762890467,0.218210527259363,0.348273510457699,0.0938851525811159,0.299999999999999,1.37028301194798,1.76006095533775,1.11000263035169,1.64340902539436,1.87624622699801,3.87603581711287,4.9606782708688,3.01111558412979,3.30752433420415,3.17070231277811,8.73971201847746,2.61833556145449,3.87457591974061,2.87418700433463,2.56689602519552,5.02478239466212,2.36838223666672,1.41856982642207,0.989440560755375
16,0.35536597965065,4500.00000000003,2250,0.313625,9.60902604166667,-17.7716108587127,2,4500,500,9,0.513667601002265,-0.244222439625356,-0.324224414393804,-0.0678310594706198,0.854513230705243,0.015267455158279,0.216978946517315,0.843994628577338,0.189215286703427,0.238215395010749,0.445693340755914,0.0319334168732369,-0.000641894783113183,0.81465485706258,0.851542074252977,0.790082548596882,0.234431769708267,-0.0515498901328019,0.348001469026941,0.148528513028576,0.354984368501873,2.627933832706,0.162674710622072,-0.0451371157393682,-0.0143196830546688,0.00100790216692953,0.0101440878099812,0.00122943274602927,0.422743113363201,0.127742794864488,0.22340790229621,0.455178060399831,0.0500666506932304,0.11936493937553,0.0404560717745761,0.0991101683908371,0.0375866291431259,0.354239882548609,0.0365726980130945,0.225376179473108,0.0431799108048991,0.137218428793769,0.353494886532024,0.694379549583678,0.0915312404838297,0.154280061647638,0.21753575457077,0.345469222293464,0.088004193103876,0.299999999999999,1.39087302901517,1.69606811260932,1.12122886120854,1.66727287368956,1.94917087652152,3.85168221894177,5.03495197387407,3.14333201059909,3.38665344340849,3.11734235921521,9.19636406152661,2.55431984987617,4.04436460035421,2.98358165747087,2.49343138376243,5.14871996376503,2.37652327276767,1.43423482990077,0.963707060641995
17,0.395746535090464,4500.00000000003,2250,0.308625,9.70773129166667,-17.4228173649804,2,4500,500,9,0.511838280002122,-0.250379802461646,-0.33927891814531,-0.0600323426953668,0.859210030707895,-0.0264885771108016,0.240429005266867,0.865815323396842,0.198131988004444,0.233267652019872,0.467621622843453,0.0342496429225079,-0.000615783164273453,0.841106687861845,0.854284526481695,0.788396850660596,0.225295705400774,-0.0509742276214543,0.356198769083904,0.136134161569934,0.365454608954681,2.6347032979206,0.144454528530034,-0.0405653833688601,-0.0128674748487373,0.00262873219741455,0.0107211367654594,0.000937319061484326,0.41851365963135,0.124017919637104,0.227324509804227,0.459065675780971,0.0497937446777639,0.114251535719415,0.0408252552544721,0.0948080466098139,0.0361496203488411,0.339881153394262,0.0363169029954624,0.225941013507122,0.0431530934168935,0.133966311515747,0.34458137570178,0.692018329546897,0.0878755841478756,0.151052055893846,0.220636411520483,0.344413616486663,0.0833783772801915,0.299999999999999,1.38769244654213,1.68691447950583,1.11502020511831,1.6608607651945,1.99832234185119,3.87680038086804,5.20198532381785,3.4718976536591,3.47516553681397,3.0457934355057,9.39222840736659,2.54069044061,4.22570858467314,3.13454928044204,2.41023559683911,5.21991713956751,2.52401335209446,1.4684521975823,0.990704454911158
18,0.439343512897929,4500.00000000003,2250,0.322625,9.62506545833333,-17.799812834569,2,4500,500,9,0.507380349413202,-0.258501189087044,-0.341872054803618,-0.0509511900419787,0.865938861144523,-0.0552090617830951,0.249857097204926,0.886145926702639,0.19991646601403,0.210877674390103,0.493642270913775,0.0352698315902028,-0.00135707499086679,0.862799022770584,0.871724833369451,0.785132357566451,0.217688604788686,-0.0511536024288532,0.362665655179744,0.140099412280064,0.369957834406124,2.66334169992923,0.131872660538425,-0.0350605597502018,-0.01167044974465,0.0038309919676692,0.0105702783435784,0.000726011816759935,0.416955672680342,0.120167962142293,0.23080453046109,0.464543747153663,0.0489459718889911,0.109744045643816,0.0415339133185057,0.0898166697635282,0.0340677137650477,0.318254975244715,0.0371673350660297,0.226372520271413,0.0431541328244266,0.129565375966119,0.330431148003436,0.688035083098567,0.0838552837307242,0.146265316665179,0.224790486048715,0.347062165988282,0.0798508321625211,0.299999999999999,1.37577994919669,1.75233348057601,1.12809745190486,1.65128474730466,2.06240048485719,3.8265911593341,5.17675446911024,3.77779391433502,3.40742117241236,2.9743498527225,9.24830992343847,2.59409150146183,4.35527308837754,3.2389773597074,2.29354813280042,5.34169903276504,2.59219689766572,1.47602812216701,1.0652251394499
19,0.486357535459073,4500.00000000003,2250,0.330125,9.59893270833333,-18.1054457815631,2,4500,500,9,0.50273232726833,-0.267643822363596,-0.336047727200206,-0.0443395048643094,0.870255678527082,-0.0733869550318734,0.252109985257903,0.892280931046454,0.190839828369609,0.190639291825031,0.509162400016031,0.0347874928321279,0.00035638348552521,0.892892520648882,0.882989290653355,0.784034173468224,0.200944604373981,-0.0489554973627167,0.368672496600767,0.150254400605046,0.366070589867049,2.69100107938056,0.122668695646494,-0.0305615762199426,-0.0107400979303021,0.00280608557700535,0.0089987929331053,0.00078825995465845,0.413440868350832,0.118425972001912,0.233951018492709,0.459484232859535,0.0484327372993467,0.106323510158906,0.0419357892166705,0.0855605014554871,0.0329706297411125,0.299604243532008,0.0375643964990101,0.223508845199086,0.0432317209641374,0.127264240336413,0.316372976473656,0.679706267562317,0.0801586945991132,0.141665029476773,0.23092396408674,0.346796332222106,0.0768558961546305,0.299999999999999,1.3545567475284,1.81303243554017,1.14372674109393,1.65491174078395,2.09548830586578,3.80640810363336,5.23419646025913,3.96261688224613,3.57090895351856,2.99742445972967,9.04208402682273,2.5793437689291,4.52410074911797,3.32195191599097,2.22403995580834,5.41408694949089,2.55087992155141,1.49635983770334,1.19792625043092
20,0.53822010016364,4500.00000000003,2250,0.327125,9.62951120833333,-18.907134040249,2,4500,500,9,0.499839414869342,-0.269342477723696,-0.330038914301779,-0.0295299827711483,0.876156569996296,-0.0790608130606421,0.239706903716664,0.894376775345868,0.187118749459119,0.165990196626303,0.52197022308927,0.0325076831939631,0.0028853913587081,0.913333858028421,0.892932413627495,0.788018063974588,0.161485501611229,-0.0495015396209789,0.373508448434677,0.158297587520413,0.363220522644689,2.7047337141457,0.119665101060641,-0.0280699618205697,-0.0104829772723308,0.00113519967994685,0.00611060289470422,0.000827688615801022,0.408997678605428,0.117644683046358,0.233931253614444,0.449228372626359,0.0471188891109544,0.103456196142157,0.0419773490990318,0.0821117391085487,0.03233578157564,0.280767894079298,0.0375094681677394,0.220158459683717,0.0433288989158547,0.126882924841988,0.300347391780191,0.675349806511154,0.0766340464554923,0.138170048895427,0.23581624288403,0.34292552888072,0.0742212427540823,0.299999999999999,1.29380029200887,1.85053974567905,1.22266108076066,1.66565880437098,2.08272830201671,3.77203980802273,5.25454165527525,4.13630537646264,3.49436993935658,2.91104076975981,8.9915018714238,2.52531282921041,4.69324493164033,3.55837525685482,2.18983033659375,5.42828470018524,2.52181229746465,1.48078966994899,1.2243503256185
21,0.594146226177719,4500.00000000003,2250,0.3185,9.59137816666667,-19.3070501755865,2,4500,500,9,0.49317580504276,-0.265438251547888,-0.332973766196099,-0.0129323149044962,0.870765115149324,-0.0851326810558446,0.230360868122008,0.893712816755893,0.187062115108523,0.157509452569491,0.514762321721446,0.0306364614139817,0.00792348414170874,0.927148627478604,0.89689995024121,0.800630876648789,0.101462268255733,-0.0514500594676356,0.376332177672495,0.159350814994715,0.357974284634894,2.7166152177428,0.116152292459878,-0.0262365879617405,-0.0104921856500177,-3.85758715227522e-05,0.00204949552871514,0.000691802141347899,0.408530075252063,0.115675110690926,0.23143489440017,0.435668221687611,0.046884194084002,0.100975189303382,0.041827629970795,0.0792871788830626,0.0316745366294179,0.271940391199576,0.0378471777759686,0.217162467674807,0.0434684409775049,0.127226747058742,0.290104664493055,0.671774015480396,0.073580328871124,0.135953793431365,0.240823298002966,0.337191455941922,0.0722559137120611,0.299999999999999,1.21488989827106,1.89041536473321,1.31030208701373,1.67576344961784,2.02807212683901,3.8049613291821,5.26605962110041,4.16047822730668,3.35706018533704,2.81288536699703,9.1647857004611,2.45413183823997,4.80625944574158,3.87223954613929,2.19361481625974,5.58155435348414,2.60578746696572,1.46669302474321,1.18628816250781
22,0.651943101020417,4500.00000000003,2250,0.3055,9.564498375,-18.990365845952,2,4500,500,9,0.485991453732695,-0.262530458407485,-0.338598441898274,-0.00405204729160922,0.86297561046748,-0.083455217116998,0.220179257136148,0.897310769789844,0.186156964400849,0.157610430094409,0.509684206035955,0.0303173053098642,0.0118784784731012,0.939008712628485,0.900875110320015,0.799152046796266,0.0491659674307308,-0.0551622599802793,0.380759973324729,0.158141887029444,0.345497582800021,2.74107966680441,0.113643565387321,-0.0254279524896834,-0.0108705852452909,-0.000730747317755439,0.00193876181195241,0.000802882092526416,0.408032268444602,0.113806264968551,0.227592307498222,0.426675620644243,0.0465619213340447,0.0976395118850646,0.041634136680772,0.0757863170270673,0.0310202739169727,0.263722033732369,0.0381208421281456,0.210540376783382,0.0437551766993235,0.129045328326667,0.283291385753735,0.670996968573754,0.069981066478316,0.133155519976958,0.24463458143497,0.336408058673427,0.0697131159278473,0.299999999999999,1.16431217474836,1.94740630590503,1.38041048329808,1.6676671849326,1.98664919914583,3.82353118713351,5.49895580572367,4.11893527730224,3.46700904266766,2.74908628919063,9.09598503142985,2.52501592127782,4.87297438910905,4.1868044194647,2.17614737398761,5.77718538684337,2.67669666334261,1.46105797778291,1.15011665530525
23,0.711807756230456,4500.00000000003,2250,0.290375,19.2011947083333,-18.6357524646735,4,8500,500,17,0.475387599536343,-0.258628675592698,-0.339802656208961,0.010648676147437,0.860779607569838,-0.0820066083378784,0.208718873327456,0.903587023164473,0.182702344050266,0.15650099877867,0.502520992596664,0.0316131334461412,0.0144591784559304,0.945361571655099,0.908840817726344,0.798591018561141,-0.00295425345209132,-0.0527731759992677,0.384148507060093,0.151386304890436,0.33749551484545,2.73145939272487,0.11317070561068,-0.0249539586567302,-0.0114093197128712,-0.00124001783697479,0.000596923158794222,0.0011798125527846,0.407414156812483,0.113148586627966,0.221518732558174,0.417146165065855,0.0468425845490679,0.0935056311842171,0.0415667651982415,0.072171958744652,0.0313987839338859,0.2554342428148,0.0384859086728697,0.202139275521656,0.0441985689539459,0.131519500621347,0.275803690442209,0.666061274232037,0.0659348184409973,0.130049049054777,0.246065545744091,0.336893761550367,0.0680976976905948,0.299999999999999,1.17078815583513,1.99005472165404,1.46785799248296,1.64912341529446,1.95350927502744,3.80112858667988,6.02647591003445,4.14154563818001,3.53991863180989,2.56081443666696,9.09021558775349,2.61134851939414,4.73541263592226,4.31219352281197,2.105681675716,5.88474774618919,2.8314844595618,1.46761992440697,1.03028821136168
24,0.774063903302473,8500.00000000007,4250.00000000001,0.2830625,19.307009,-18.1925020934708,4,8500,500,17,0.479643207236146,-0.257564840252573,-0.343131667716811,0.0268807659635091,0.860453979202659,-0.0786322470224632,0.19657836838154,0.91157831015675,0.164269340233293,0.160751915189553,0.490231396481985,0.0330577439881925,0.0153054335357411,0.949675761429015,0.916512991155548,0.813196727105431,-0.0472954626727645,-0.0498453879188316,0.384058066255611,0.146651274340521,0.330914953282248,2.69878044740618,0.11422799216238,-0.0274492516562399,-0.0112858555990739,-0.00220245651641198,0.000842712716643708,0.00129017141559455,0.403196966752803,0.111901916734015,0.216057555588624,0.403032954266601,0.0469538923982428,0.0892984982791177,0.0412159932197388,0.0695991569247549,0.0309091367712001,0.250368112168784,0.03884318416112,0.192735441942647,0.044036145529939,0.133034339276353,0.267540906152132,0.65903875552319,0.0629103176518197,0.127563764999679,0.248470686429462,0.337123103556225,0.0666386466721186,0.299999999999999,1.14492984974269,1.97567341972937,1.51211875135198,1.67010408016533,1.95717846649053,3.9664788722856,6.31441697734765,4.44503073595683,3.51957246180325,2.35629684467013,9.19070751405074,2.63810564413659,4.67029951248178,4.48591806987215,2.04950736806261,5.77319055839955,2.88804059361,1.47224158460031,0.902548012948285
25,0.840850819250135,8500.00000000007,4250,0.271125,19.168149375,-18.3451813043185,4,8500,500,17,0.482174617085195,-0.257888041385304,-0.339792985945315,0.0391465728126488,0.851489823486213,-0.0718116699691387,0.180172063567301,0.91541590456902,0.161733722740214,0.150410259614594,0.481041593855106,0.033705752244132,0.015888043075762,0.953312658759994,0.925097420642683,0.832999603759442,-0.0780186433633825,-0.0420230410225675,0.385584295021848,0.13567509806196,0.330531366075796,2.68411786971406,0.114687320920701,-0.0283360179008031,-0.0109844094280791,-0.00177181033802579,0.000917748942857443,0.00109452855649558,0.394611491573319,0.109513127238629,0.213479820672036,0.384603720248707,0.0468646421262674,0.0860534419781697,0.0405706231503673,0.0667432763482084,0.0304283652851901,0.24752895725689,0.0382645757293373,0.186345447873847,0.0441235254953368,0.133151492393429,0.259225750473197,0.660400773288394,0.0603832730100053,0.124506550725307,0.248916231481538,0.336570684881074,0.0648195327189273,0.299999999999999,1.0996941778832,1.9733114884392,1.55311336941743,1.69425709557479,1.94176964515441,4.08100017924527,6.62403707109252,4.45960805912709,3.67539558875674,2.26283967171637,9.20707020700938,2.65451419150176,4.66859580429497,4.53392934137161,2.00323828739097,5.38634852510371,2.77515551111475,1.462316087145,0.791138417913872
26,0.905277207289169,8500.00000000007,4250,0.2533125,19.1679850833333,-16.582264246826,4,8500,500,17,0.485105164647743,-0.252735937193983,-0.330406171578039,0.036088179227128,0.830038733355154,-0.0605682898967452,0.158291946476325,0.912981950646688,0.152322157911185,0.133109792468788,0.48429928367815,0.0360315606347352,0.0155544512489485,0.960310437000953,0.93510931588413,0.853462345905571,-0.110856056556013,-0.0356193540668412,0.383869978474374,0.130498331839139,0.331830511102728,2.6699636605563,0.112426350548492,-0.0276332949229035,-0.0103931684947284,-0.00285594949979344,0.00248250160590788,0.00059187657565959,0.38357129597977,0.108639607355069,0.211206166453255,0.370384366377194,0.0453966981118623,0.0824273473351023,0.0392270700794126,0.064035099994815,0.0296027298883549,0.247052192385038,0.0364564841204569,0.180946794188771,0.0438888365794678,0.13317683041298,0.253153524496612,0.657877103858327,0.0586019973273785,0.12210473738346,0.245935503423094,0.336939995567385,0.0625904269173828,0.299999999999999,1.03960805223085,1.99600207211678,1.61759010004359,1.72070986195858,1.93848103304,4.21817455988407,6.96284573912485,4.39823965297628,3.93081953856279,2.24847916569986,9.41984648508467,2.71724099232285,4.66033698685098,4.68251412689208,2.00046074001608,5.26756654006506,2.70144848283814,1.46972542771912,0.749935423210543
27,0.970026952119333,8500.00000000007,4250.00000000001,0.244125,28.7769743333333,-15.5450802584719,6,12500,500,25,0.493467145934496,-0.251664424832637,-0.320755682620823,0.0327989612860149,0.79748900526167,-0.0499317192207629,0.136928737304536,0.905527998891323,0.153976580213758,0.0933917382617737,0.47996782027193,0.0356045570258866,0.0166256441561003,0.966954083369394,0.943120332224983,0.883001061251117,-0.182090902744748,-0.0300167265024293,0.377887869787279,0.124635199887455,0.336509657196604,2.68563087238964,0.109881028267275,-0.0277696834708975,-0.00965997749787053,-0.00413649496648008,0.00546178511358409,7.0392429954108e-05,0.375349119019931,0.106879669243996,0.210265467518504,0.354607707406129,0.0429858233174511,0.0780860653489024,0.0381225073705636,0.0605639069902645,0.0287378144451753,0.243615201828094,0.0350260760705664,0.180190341832471,0.0432301248688809,0.13601212745797,0.250527518601845,0.654675206961643,0.0566383241790557,0.120291217992495,0.241451820163088,0.336145976707416,0.0596703439868159,0.299999999999998,0.971292948338349,2.01876065599367,1.65870174748214,1.75923543977882,1.92845314771506,4.33354240597072,7.88254709591509,4.47328754582116,4.65206980316746,2.14290993492984,9.83034352713632,2.74258316563623,4.73062038025213,4.8284502510471,2.01674811407914,5.0649671793331,2.63927800027607,1.55108839253979,0.724198673079187
28,1,12499.9999999995,10668.5596710856,0.214291666666667,28.889611,-6.69557106710727,6,12500,500,25,0.495584581909118,-0.247242989912148,-0.312723709093862,0.0275738164378338,0.765828245728512,-0.0415900922158023,0.12742405693445,0.898365181609011,0.183467921280555,0.0395069663665225,0.479216778849445,0.0342238092444783,0.0174980961388264,0.969890317111597,0.944671620808553,0.902122863266475,-0.236595637421192,-0.0258578780984416,0.376635156495547,0.121409793728427,0.337787887141661,2.66321911664454,0.108780655443744,-0.0279795932835984,-0.00895112221124949,-0.00454401214115366,0.0061891182098862,-5.55474367373732e-05,0.369749900292263,0.10496749826338,0.209134598793412,0.347161541661262,0.042117950652962,0.0751406985788299,0.0376559507363768,0.0592643545269831,0.0283734839692627,0.242398785219934,0.0342089799188614,0.179173121806581,0.0420310628361043,0.13865324091541,0.248111449556142,0.649183622021863,0.0559189088104338,0.118973081376158,0.238341690923558,0.33654684292083,0.057967085422083,0.299999999999998,0.972353648101947,2.06555024866254,1.7033349078022,1.78573604105144,1.8923131792099,4.27072480782321,7.9357273665208,4.47627351719174,5.10557800532498,2.11597779379768,10.1719760835911,2.74069149035455,4.67033818688302,5.0289651747462,2.07034173173213,4.69803198992008,2.55479904080877,1.53947446249918,0.710508992724227
